id,first_name,second_name,web_name,team,element_type,ict_index,points_per_game,selected_by_percent,total_points,minutes,goals_scored,assists,clean_sheets,bonus,form,now_cost,value_form,value_season,goals_conceded,own_goals,penalties_saved,penalties_missed,yellow_cards,red_cards,saves
1,Shkodran,Mustafi,Mustafi,ARS,DEF,20.0,2.6,0.3,13,350,0,2,0,1,1.8,51,0.4,2.5,7,0,0,0,0,0,0
2,Héctor,Bellerín,Bellerín,ARS,DEF,13.3,2.2,0.5,9,352,1,0,0,1,2.0,54,0.4,1.7,8,0,0,0,2,0,0
3,Sead,Kolasinac,Kolasinac,ARS,DEF,41.2,2.1,0.5,34,1086,0,2,2,1,0.5,52,0.1,6.5,18,0,0,0,3,0,0
4,Ainsley,Maitland-Niles,Maitland-Niles,ARS,DEF,44.9,2.6,2.6,36,1210,0,2,3,3,0.8,46,0.2,7.8,19,0,0,0,3,1,0
5,Sokratis,Papastathopoulos,Sokratis,ARS,DEF,57.1,2.9,1.4,52,1606,2,0,3,5,0.5,49,0.1,10.6,25,0,0,0,5,0,0
6,Nacho,Monreal,Monreal,ARS,DEF,10.0,3.3,0.2,10,270,0,0,1,1,0.0,50,0.0,2.0,4,0,0,0,0,0,0
7,Laurent,Koscielny,Koscielny,ARS,DEF,0.0,0.0,0.1,0,0,0,0,0,0,0.0,50,0.0,0.0,0,0,0,0,0,0,0
8,Konstantinos,Mavropanos,Mavropanos,ARS,DEF,0.0,0.0,0.0,0,0,0,0,0,0,0.0,44,0.0,0.0,0,0,0,0,0,0,0
9,Carl,Jenkinson,Jenkinson,ARS,DEF,0.0,0.0,0.0,0,0,0,0,0,0,0.0,45,0.0,0.0,0,0,0,0,0,0,0
10,Rob,Holding,Holding,ARS,DEF,1.6,1.0,0.1,2,85,0,0,0,0,0.2,45,0.0,0.4,3,0,0,0,0,0,0
11,Pierre-Emerick,Aubameyang,Aubameyang,ARS,FWD,176.3,5.8,16.4,127,1943,14,3,4,24,1.0,108,0.1,11.9,31,0,0,0,3,1,0
12,Alexandre,Lacazette,Lacazette,ARS,FWD,114.2,3.5,2.1,60,1187,5,3,2,6,2.0,93,0.2,6.5,18,0,0,0,5,0,0
13,Edward,Nketiah,Nketiah,ARS,FWD,1.9,1.0,0.6,1,16,0,0,0,0,0.2,43,0.0,0.2,1,0,0,0,0,0,0
14,Bernd,Leno,Leno,ARS,GKP,67.7,3.4,5.2,82,2160,0,0,4,5,1.8,50,0.4,16.4,34,0,1,0,2,0,91
15,Mesut,Özil,Özil,ARS,MID,74.5,2.5,1.1,35,1118,0,2,2,1,1.2,72,0.2,4.9,18,0,0,0,0,0,0
16,Henrikh,Mkhitaryan,Mkhitaryan,ARS,MID,8.6,1.3,0.8,4,110,0,0,1,0,0.0,68,0.0,0.6,0,0,0,0,1,0,0
17,Alex,Iwobi,Iwobi,EVE,MID,73.4,2.2,0.9,37,1103,1,0,1,2,0.5,56,0.1,6.6,23,0,0,0,0,0,0
18,Granit,Xhaka,Xhaka,ARS,MID,56.7,2.1,0.6,38,1544,0,1,4,0,1.2,51,0.2,7.5,23,0,0,0,5,0,0
19,Lucas,Torreira,Torreira,ARS,MID,61.7,2.0,1.3,42,1298,1,1,3,0,2.0,47,0.4,8.9,20,0,0,0,3,0,0
20,Mohamed,Elneny,Elneny,ARS,MID,0.0,0.0,0.6,0,0,0,0,0,0,0.0,43,0.0,0.0,0,0,0,0,0,0,0
21,Matteo,Guendouzi,Guendouzi,ARS,MID,67.7,2.0,5.7,40,1490,0,2,2,2,0.2,43,0.0,9.3,27,0,0,0,6,0,0
22,Ahmed,El Mohamady,El Mohamady,AVL,DEF,43.6,1.7,0.9,19,701,0,1,1,5,-0.2,42,0.0,4.5,24,0,0,0,0,0,0
23,James,Chester,Chester,AVL,DEF,0.0,0.0,0.1,0,0,0,0,0,0,0.0,43,0.0,0.0,0,0,0,0,0,0,0
24,Neil,Taylor,Taylor,AVL,DEF,17.5,1.7,0.2,17,793,0,0,2,0,-0.2,43,0.0,4.0,19,0,0,0,2,0,0
25,Kortney,Hause,Hause,AVL,DEF,25.9,1.4,0.1,13,810,0,0,1,0,0.8,44,0.2,3.0,19,0,0,0,2,0,0
26,Jonathan,Kodjia,Kodjia,AVL,FWD,3.8,0.8,0.1,5,111,0,0,0,0,0.0,54,0.0,0.9,6,0,0,0,1,0,0
27,Ørjan,Nyland,Nyland,AVL,GKP,5.8,1.0,0.2,3,177,0,0,0,0,0.0,43,0.0,0.7,8,0,0,0,0,0,8
28,Conor,Hourihane,Hourihane,AVL,MID,67.0,3.1,0.2,50,843,3,2,2,6,0.5,57,0.1,8.8,23,0,0,0,3,0,0
29,Jack,Grealish,Grealish,AVL,MID,204.5,4.7,25.7,109,2063,7,6,4,14,3.8,67,0.6,16.3,43,0,0,1,6,0,0
30,Anwar,El Ghazi,El Ghazi,AVL,MID,126.3,3.3,0.9,72,1550,4,4,4,0,2.8,55,0.5,13.1,35,0,0,0,3,0,0
31,John,McGinn,McGinn,AVL,MID,113.5,3.4,2.8,61,1537,3,2,3,4,0.0,54,0.0,11.3,30,0,0,0,2,0,0
32,Andre,Green,Green,AVL,MID,0.0,0.0,0.0,0,0,0,0,0,0,0.0,48,0.0,0.0,0,0,0,0,0,0,0
33,Birkir,Bjarnason,Bjarnason,AVL,MID,0.0,0.0,0.0,0,0,0,0,0,0,0.0,45,0.0,0.0,0,0,0,0,0,0,0
34,Keinan,Davis,Davis,AVL,MID,13.1,1.4,0.2,10,106,0,1,0,0,1.0,43,0.2,2.3,1,0,0,0,0,0,0
35,Henri,Lansbury,Lansbury,AVL,MID,5.5,1.2,0.4,11,189,0,0,0,0,0.2,44,0.0,2.5,6,0,0,0,0,0,0
36,José Ignacio,Peleteiro Romallo,Jota,AVL,MID,14.9,1.9,0.1,15,310,0,1,2,0,0.0,58,0.0,2.6,4,0,0,0,0,0,0
37,Shane,Duffy,Duffy,BHA,DEF,27.3,2.4,0.9,31,891,1,0,2,0,0.2,48,0.0,6.5,13,0,0,0,1,0,0
38,Martín,Montoya,Montoya,BHA,DEF,72.6,2.6,0.7,54,1536,0,1,5,3,1.0,44,0.2,12.3,24,0,0,0,3,0,0
39,Bernardo,Fernandes da Silva Junior,Bernardo,BHA,DEF,26.5,1.9,0.1,17,540,0,0,1,3,1.2,43,0.3,4.0,12,0,0,0,1,0,0
40,Leon,Balogun,Balogun,BHA,DEF,0.0,0.0,0.1,0,0,0,0,0,0,0.0,44,0.0,0.0,0,0,0,0,0,0,0
41,Gaëtan,Bong,Bong,BHA,DEF,5.0,0.8,0.1,3,57,0,0,0,0,0.0,42,0.0,0.7,3,0,0,0,0,0,0
42,Lewis,Dunk,Dunk,BHA,DEF,92.6,3.4,14.3,79,2070,2,3,5,11,1.2,48,0.3,16.5,33,0,0,0,8,0,0
43,Matthew,Clarke,Clarke,BHA,DEF,0.0,0.0,0.0,0,0,0,0,0,0,0.0,44,0.0,0.0,0,0,0,0,0,0,0
44,Glenn,Murray,Murray,BHA,FWD,20.5,1.5,0.7,24,513,1,0,2,0,2.0,54,0.4,4.4,7,0,0,0,0,0,0
45,Jürgen,Locadia,Locadia,BHA,FWD,3.3,1.5,0.1,3,85,0,0,1,0,0.0,52,0.0,0.6,1,0,0,0,0,0,0
46,Florin,Andone,Andone,BHA,FWD,7.6,1.7,0.4,5,71,1,0,0,1,0.0,47,0.0,1.1,2,0,0,0,0,1,0
47,Mathew,Ryan,Ryan,BHA,GKP,72.4,3.6,16.7,89,2250,0,0,5,11,2.0,49,0.4,18.2,37,0,0,0,0,0,86
48,David,Button,Button,BHA,GKP,0.0,0.0,20.5,0,0,0,0,0,0,0.0,39,0.0,0.0,0,0,0,0,0,0,0
49,Pascal,Groß,Groß,BHA,MID,142.9,3.0,0.5,67,1425,2,5,3,7,2.5,63,0.4,10.6,24,1,0,0,2,0,0
50,Alireza,Jahanbakhsh,Jahanbakhsh,BHA,MID,22.2,4.0,0.1,20,247,2,0,1,2,0.8,58,0.1,3.4,3,0,0,0,0,0,0
51,José Heriberto,Izquierdo Mena,Izquierdo,BHA,MID,0.0,0.0,0.0,0,0,0,0,0,0,0.0,54,0.0,0.0,0,0,0,0,0,0,0
52,Anthony,Knockaert,Knockaert,BHA,MID,0.0,0.0,0.0,0,0,0,0,0,0,0.0,54,0.0,0.0,0,0,0,0,0,0,0
53,Yves,Bissouma,Bissouma,BHA,MID,18.9,1.3,0.0,13,402,0,0,1,0,0.0,50,0.0,2.6,5,0,0,0,1,0,0
54,Davy,Pröpper,Pröpper,BHA,MID,88.8,2.5,0.3,55,1980,1,2,4,1,3.0,48,0.6,11.5,33,1,0,0,3,0,0
55,Solomon,March,March,BHA,MID,42.8,2.3,0.2,23,646,0,1,2,3,0.5,46,0.1,5.0,11,0,0,0,1,0,0
56,Beram,Kayal,Kayal,BHA,MID,0.0,0.0,0.2,0,0,0,0,0,0,0.0,43,0.0,0.0,0,0,0,0,0,0,0
57,Dale,Stephens,Stephens,BHA,MID,66.8,2.0,1.9,47,1939,0,1,4,1,1.8,44,0.4,10.7,33,0,0,0,6,0,0
58,Steve,Cook,Steve Cook,BOU,DEF,58.4,2.3,0.2,44,1650,1,0,3,5,-0.2,50,0.0,8.8,31,0,0,0,3,1,0
59,Nathan,Aké,Aké,BOU,DEF,77.3,3.2,6.5,64,1744,2,1,3,6,3.5,48,0.7,13.3,27,0,0,0,1,0,0
60,Charlie,Daniels,Daniels,BOU,DEF,5.2,1.5,0.1,3,126,0,0,0,0,0.0,43,0.0,0.7,2,0,0,0,0,0,0
61,Chris,Mepham,Mepham,BOU,DEF,42.2,2.4,0.7,26,901,1,0,1,2,0.0,43,0.0,6.0,19,0,0,0,1,0,0
62,Simon,Francis,Francis,BOU,DEF,31.7,1.2,0.0,16,784,0,0,1,1,1.5,44,0.3,3.6,16,0,0,0,1,1,0
63,Adam,Smith,Adam Smith,BOU,DEF,38.1,2.6,0.4,37,1197,0,1,3,3,1.2,43,0.3,8.6,18,0,0,0,4,0,0
64,Lloyd,Kelly,Kelly,BOU,DEF,0.0,0.0,0.0,0,0,0,0,0,0,0.0,44,0.0,0.0,0,0,0,0,0,0,0
65,Diego,Rico,Rico,BOU,DEF,87.3,3.0,11.5,60,1703,0,3,5,5,2.2,43,0.5,14.0,25,0,0,0,6,0,0
66,Jack,Simpson,Simpson,BOU,DEF,5.8,1.0,7.3,3,167,0,0,0,0,0.0,40,0.0,0.8,4,0,0,0,0,0,0
67,Callum,Wilson,Callum Wilson,BOU,FWD,112.2,3.3,5.1,79,1986,6,3,3,6,3.0,74,0.4,10.7,37,0,0,0,6,0,0
68,Joshua,King,King,BOU,FWD,86.8,3.6,3.3,58,1307,3,3,3,6,0.0,61,0.0,9.5,18,0,0,0,0,0,0
69,Dominic,Solanke,Solanke,BOU,FWD,64.4,1.8,0.3,38,1136,0,2,1,0,2.8,52,0.5,7.3,24,0,0,0,1,0,0
70,Lys,Mousset,Mousset,SHU,FWD,84.3,3.1,2.6,68,993,5,3,3,9,1.0,46,0.2,14.8,11,0,0,0,0,0,0
71,Sam,Surridge,Surridge,BOU,FWD,0.3,1.0,0.5,1,15,0,0,0,0,0.2,43,0.0,0.2,1,0,0,0,0,0,0
72,Asmir,Begovic,Begovic,BOU,GKP,0.0,0.0,0.7,0,0,0,0,0,0,0.0,42,0.0,0.0,0,0,0,0,0,0,0
73,Artur,Boruc,Boruc,BOU,GKP,0.0,0.0,0.2,0,0,0,0,0,0,0.0,43,0.0,0.0,0,0,0,0,0,0,0
74,Mark,Travers,Travers,BOU,GKP,1.5,1.0,0.2,1,90,0,0,0,0,0.2,42,0.0,0.2,3,0,0,0,0,0,2
75,Ryan,Fraser,Fraser,BOU,MID,117.0,2.6,2.7,63,1778,1,4,4,2,2.8,69,0.4,9.1,28,0,0,0,2,0,0
76,David,Brooks,Brooks,BOU,MID,0.0,0.0,0.1,0,0,0,0,0,0,0.0,63,0.0,0.0,0,0,0,0,0,0,0
77,Junior,Stanislas,Stanislas,BOU,MID,6.8,1.5,0.0,3,106,0,0,0,0,0.0,59,0.0,0.5,2,0,0,0,0,0,0
78,Jordon,Ibe,Ibe,BOU,MID,1.2,1.0,0.1,2,48,0,0,0,0,0.0,46,0.0,0.4,1,0,0,0,0,0,0
79,Lewis,Cook,Lewis Cook,BOU,MID,27.0,1.6,0.0,28,830,0,1,2,0,0.8,50,0.2,5.6,16,0,0,0,3,0,0
80,Andrew,Surman,Surman,BOU,MID,0.9,1.0,0.0,3,57,0,0,0,0,0.0,47,0.0,0.6,1,0,0,0,0,0,0
81,Dan,Gosling,Gosling,BOU,MID,42.3,2.8,0.1,33,700,2,1,1,1,2.2,49,0.4,6.7,11,0,0,0,1,0,0
82,Jefferson,Lerma,Lerma,BOU,MID,44.5,1.6,0.1,36,1773,0,1,3,2,0.5,48,0.1,7.5,29,0,0,0,9,1,0
83,Ben,Mee,Mee,BUR,DEF,84.3,2.8,0.9,68,2160,0,2,8,1,3.8,50,0.8,13.6,38,0,0,0,4,0,0
84,James,Tarkowski,Tarkowski,BUR,DEF,91.0,3.4,3.3,81,2160,1,2,8,9,2.2,51,0.4,15.9,38,0,0,0,5,0,0
85,Matthew,Lowton,Lowton,BUR,DEF,44.1,2.5,0.4,35,1260,0,1,4,0,1.8,42,0.4,8.3,26,0,0,0,2,0,0
86,Phil,Bardsley,Bardsley,BUR,DEF,25.8,2.9,0.2,29,900,0,0,4,0,0.5,43,0.1,6.7,12,0,0,0,2,0,0
87,Charlie,Taylor,Taylor,BUR,DEF,31.5,2.8,0.8,33,925,0,0,4,1,2.0,42,0.5,7.9,9,0,0,0,2,0,0
88,Kevin,Long,Long,BUR,DEF,0.0,1.0,0.1,1,2,0,0,0,0,0.0,43,0.0,0.2,0,0,0,0,0,0,0
89,Ben,Gibson,Gibson,BUR,DEF,0.0,0.0,2.6,0,0,0,0,0,0,0.0,39,0.0,0.0,0,0,0,0,0,0,0
90,Ashley,Barnes,Barnes,BUR,FWD,75.9,3.2,2.3,61,1350,6,0,8,6,0.0,61,0.0,9.8,21,0,0,0,4,0,0
91,Chris,Wood,Wood,BUR,FWD,133.3,4.4,1.9,96,1828,10,1,9,13,5.2,62,0.8,15.5,26,1,0,0,1,0,0
92,Matej,Vydra,Vydra,BUR,FWD,4.8,1.5,0.1,9,100,0,1,0,0,0.2,53,0.0,1.7,1,0,0,0,0,0,0
93,Nick,Pope,Pope,BUR,GKP,61.3,4.1,14.2,99,2160,0,0,8,12,6.0,46,1.3,21.5,38,0,1,0,0,0,77
94,Tom,Heaton,Heaton,AVL,GKP,50.7,3.0,2.9,59,1794,0,0,4,3,0.0,44,0.0,13.4,35,1,0,0,0,0,67
95,Joe,Hart,Hart,BUR,GKP,0.0,0.0,1.1,0,0,0,0,0,0,0.0,42,0.0,0.0,0,0,0,0,0,0,0
96,Johann Berg,Gudmundsson,Gudmundsson,BUR,MID,33.1,2.9,0.4,20,398,1,0,3,1,0.0,59,0.0,3.4,4,0,0,0,0,0,0
97,Dwight,McNeil,McNeil,BUR,MID,112.4,3.0,0.4,73,2079,1,5,9,1,1.5,60,0.2,12.2,36,0,0,0,4,0,0
98,Robbie,Brady,Brady,BUR,MID,27.7,2.2,0.0,28,394,1,2,1,0,0.0,55,0.0,5.1,10,0,0,0,1,0,0
99,Steven,Defour,Defour,BUR,MID,0.0,0.0,0.0,0,0,0,0,0,0,0.0,55,0.0,0.0,0,0,0,0,0,0,0
100,Jeff,Hendrick,Hendrick,BUR,MID,52.3,2.8,0.1,54,1482,2,1,7,4,1.8,54,0.3,10.0,28,0,0,0,5,0,0
101,Ashley,Westwood,Westwood,BUR,MID,91.1,3.4,0.4,72,1890,1,6,8,7,3.0,54,0.6,13.3,27,0,0,0,8,0,0
102,Jack,Cork,Cork,BUR,MID,64.2,2.3,0.2,50,1915,0,0,7,0,1.8,49,0.4,10.2,34,0,0,0,0,0,0
103,Marcos,Alonso,Alonso,CHE,DEF,44.1,5.9,2.1,47,588,1,3,4,5,0.0,60,0.0,7.8,4,0,0,0,3,0,0
104,Antonio,Rüdiger,Rüdiger,CHE,DEF,42.2,3.7,0.4,37,855,2,0,2,3,6.2,60,1.0,6.2,10,0,0,0,2,0,0
105,César,Azpilicueta,Azpilicueta,CHE,DEF,128.1,3.4,6.1,78,2059,2,3,4,7,5.5,58,0.9,13.4,33,0,0,0,0,0,0
106,David,Luiz Moreira Marinho,David Luiz,ARS,DEF,70.2,2.5,4.8,53,1825,2,0,3,6,0.2,57,0.0,9.3,30,0,0,0,4,1,0
107,Emerson,Palmieri dos Santos,Emerson,CHE,DEF,73.1,1.3,0.7,18,1020,0,0,1,0,0.0,55,0.0,3.3,21,0,0,0,3,0,0
108,Andreas,Christensen,Christensen,CHE,DEF,28.1,1.7,0.6,20,1031,0,0,2,0,2.2,49,0.4,4.1,20,0,0,0,3,0,0
109,Davide,Zappacosta,Zappacosta,CHE,DEF,0.0,0.0,0.2,0,0,0,0,0,0,0.0,43,0.0,0.0,0,0,0,0,0,0,0
110,Olivier,Giroud,Giroud,CHE,FWD,13.3,1.4,1.0,7,190,0,0,1,0,0.0,66,0.0,1.1,5,0,0,0,0,0,0
111,Kepa,Arrizabalaga,Kepa,CHE,GKP,37.5,2.6,4.7,63,2160,0,0,5,0,2.2,55,0.4,11.5,32,0,0,0,0,0,41
112,Willy,Caballero,Caballero,CHE,GKP,1.7,1.0,0.2,1,90,0,0,0,0,0.2,48,0.0,0.2,2,0,0,0,0,0,2
113,Willian,Borges Da Silva,Willian,CHE,MID,178.8,4.0,5.3,97,1724,4,5,7,14,2.8,72,0.4,13.5,18,0,0,0,2,0,0
114,Pedro,Rodríguez Ledesma,Pedro,CHE,MID,36.1,2.0,1.1,12,383,0,0,1,0,0.5,68,0.1,1.8,8,0,0,0,0,0,0
115,Ruben,Loftus-Cheek,Loftus-Cheek,CHE,MID,0.0,0.0,0.1,0,0,0,0,0,0,0.0,63,0.0,0.0,0,0,0,0,0,0,0
116,Callum,Hudson-Odoi,Hudson-Odoi,CHE,MID,83.8,2.6,0.8,45,768,1,4,2,3,4.2,53,0.8,8.5,12,0,0,0,1,0,0
117,Ross,Barkley,Barkley,CHE,MID,45.4,1.5,1.2,15,478,0,0,2,0,1.5,56,0.3,2.7,7,0,0,0,0,0,0
118,Jorge Luiz,Frello Filho,Jorginho,CHE,MID,97.5,3.3,4.2,76,1766,4,3,4,9,5.5,49,1.1,15.5,27,0,0,0,9,0,0
119,N'Golo,Kanté,Kanté,CHE,MID,94.1,2.8,4.1,48,1372,3,0,2,2,1.5,50,0.3,9.6,20,0,0,0,3,0,0
120,Daniel,Drinkwater,Drinkwater,AVL,MID,2.5,1.2,0.6,5,258,0,0,0,0,1.0,44,0.2,1.1,9,0,0,0,1,0,0
121,Ethan,Ampadu,Ampadu,CHE,MID,0.0,0.0,0.0,0,0,0,0,0,0,0.0,44,0.0,0.0,0,0,0,0,0,0,0
122,Aaron,Wan-Bissaka,Wan-Bissaka,MUN,DEF,86.8,2.7,13.6,60,1970,0,1,4,9,4.2,53,0.8,11.3,27,0,0,0,4,0,0
123,Patrick,van Aanholt,van Aanholt,CRY,DEF,69.6,3.2,4.2,57,1532,2,0,4,3,0.5,55,0.1,10.4,21,1,0,0,0,0,0
124,James,Tomkins,Tomkins,CRY,DEF,52.1,2.8,0.6,47,1522,1,1,3,4,0.8,50,0.2,9.4,21,0,0,0,5,0,0
125,Mamadou,Sakho,Sakho,CRY,DEF,10.6,0.9,0.1,7,465,0,0,0,0,0.0,50,0.0,1.4,8,0,0,0,0,1,0
126,Joel,Ward,Ward,CRY,DEF,32.4,2.6,1.0,41,1222,0,1,3,5,0.8,43,0.2,9.5,16,0,0,0,3,0,0
127,Scott,Dann,Dann,CRY,DEF,16.0,3.0,0.1,15,335,0,1,1,0,0.0,43,0.0,3.5,2,0,0,0,0,0,0
128,Martin,Kelly,Kelly,CRY,DEF,41.7,3.4,28.0,64,1547,0,1,6,4,1.0,44,0.2,14.5,16,0,0,0,0,0,0
129,Christian,Benteke,Benteke,CRY,FWD,49.1,1.2,0.5,19,562,0,0,1,0,0.5,57,0.1,3.3,8,0,0,0,2,0,0
130,Connor,Wickham,Wickham,CRY,FWD,15.8,2.5,2.1,15,90,1,1,0,2,0.5,44,0.1,3.4,2,0,0,0,0,0,0
131,Vicente,Guaita,Guaita,CRY,GKP,54.4,3.8,2.3,87,2070,0,0,6,10,2.0,51,0.4,17.1,25,1,0,0,1,0,70
132,Wayne,Hennessey,Hennessey,CRY,GKP,8.7,3.0,0.6,6,180,0,0,0,0,0.0,43,0.0,1.4,4,0,0,0,0,0,13
133,Wilfried,Zaha,Zaha,CRY,MID,153.8,3.3,9.7,82,2185,3,4,5,4,2.8,68,0.4,12.1,29,0,0,0,3,0,0
134,Luka,Milivojevic,Milivojevic,CRY,MID,92.0,2.8,1.9,59,1875,2,1,6,7,0.2,67,0.0,8.8,23,0,0,0,9,0,0
135,Andros,Townsend,Townsend,CRY,MID,37.1,2.3,1.0,34,791,1,1,3,0,0.2,56,0.0,6.1,12,0,0,0,0,0,0
136,Max,Meyer,Meyer,CRY,MID,16.9,1.4,0.1,17,519,0,0,1,0,1.0,52,0.2,3.3,6,0,0,0,1,0,0
137,Jeffrey,Schlupp,Schlupp,CRY,MID,52.7,2.9,0.1,40,856,2,1,4,3,0.0,54,0.0,7.4,12,0,0,0,2,0,0
138,James,McArthur,McArthur,CRY,MID,100.8,2.6,0.6,62,2087,0,3,7,2,1.8,52,0.3,11.9,22,0,0,0,4,0,0
139,Cheikhou,Kouyaté,Kouyaté,CRY,MID,59.2,2.7,0.3,63,1703,1,2,6,4,3.0,49,0.6,12.9,22,0,0,0,1,0,0
140,Luke,Dreher,Dreher,CRY,MID,0.0,0.0,0.1,0,0,0,0,0,0,0.0,43,0.0,0.0,0,0,0,0,0,0,0
141,Lucas,Digne,Digne,EVE,DEF,153.9,3.4,13.1,81,2061,0,5,6,12,5.2,58,0.9,14.0,35,1,0,0,2,0,0
142,Yerry,Mina,Mina,EVE,DEF,90.7,2.9,2.1,67,1905,2,0,5,8,4.8,53,0.9,12.6,32,1,0,0,3,0,0
143,Michael,Keane,Keane,EVE,DEF,50.9,2.7,2.0,51,1476,1,0,4,3,1.8,52,0.3,9.8,26,0,0,0,0,0,0
144,Seamus,Coleman,Coleman,EVE,DEF,44.5,1.9,1.1,31,1072,0,1,3,2,0.8,53,0.2,5.8,19,0,0,0,3,1,0
145,Leighton,Baines,Baines,EVE,DEF,6.3,2.7,0.2,8,152,0,1,0,0,0.0,49,0.0,1.6,2,0,0,0,0,0,0
146,Cenk,Tosun,Tosun,CRY,FWD,35.8,2.8,0.2,22,458,2,0,2,1,2.5,57,0.4,3.9,6,0,0,0,0,0,0
147,Dominic,Calvert-Lewin,Calvert-Lewin,EVE,FWD,135.6,3.7,11.2,85,1559,10,0,5,11,4.0,61,0.7,13.9,26,0,0,0,6,0,0
148,Jordan,Pickford,Pickford,EVE,GKP,51.2,3.0,7.0,76,2250,0,0,6,3,2.5,53,0.5,14.3,37,0,0,0,1,0,62
149,Maarten,Stekelenburg,Stekelenburg,EVE,GKP,0.0,0.0,7.4,0,0,0,0,0,0,0.0,40,0.0,0.0,0,0,0,0,0,0,0
150,Richarlison,de Andrade,Richarlison,EVE,MID,174.4,4.8,7.9,110,1992,8,4,6,10,3.0,81,0.4,13.6,33,0,0,0,4,0,0
151,Gylfi,Sigurdsson,Sigurdsson,EVE,MID,124.2,2.8,2.4,62,1637,1,3,5,4,2.5,73,0.3,8.5,28,0,0,0,2,0,0
152,Bernard,Anício Caldeira Duarte,Bernard,EVE,MID,64.2,3.3,0.7,49,850,2,2,7,5,2.5,64,0.4,7.7,7,0,0,0,2,0,0
153,Theo,Walcott,Walcott,EVE,MID,77.2,2.3,0.4,42,926,1,2,3,1,3.8,62,0.6,6.8,11,0,0,0,1,0,0
154,Tom,Davies,Davies,EVE,MID,44.6,2.2,0.1,39,1193,1,1,3,3,1.5,53,0.3,7.4,21,0,0,0,6,0,0
155,Ademola,Lookman,Lookman,EVE,MID,0.0,0.0,0.0,0,0,0,0,0,0,0.0,50,0.0,0.0,0,0,0,0,0,0,0
156,Idrissa,Gueye,Gueye,EVE,MID,0.0,0.0,0.0,0,0,0,0,0,0,0.0,50,0.0,0.0,0,0,0,0,0,0,0
157,James,McCarthy,McCarthy,CRY,MID,27.9,1.2,0.7,24,878,0,0,0,0,1.8,43,0.4,5.6,14,0,0,0,4,0,0
158,Morgan,Schneiderlin,Schneiderlin,EVE,MID,22.3,1.2,0.6,16,850,0,0,1,0,0.8,44,0.2,3.6,16,0,0,0,3,1,0
159,Ricardo Domingos,Barbosa Pereira,Pereira,LEI,DEF,122.1,4.5,13.4,107,2160,3,2,8,11,3.8,63,0.6,17.0,25,0,0,0,1,0,0
160,Harry,Maguire,Maguire,MUN,DEF,96.4,2.5,9.6,62,2250,0,0,5,2,3.5,52,0.7,11.9,29,0,0,0,2,0,0
161,Benjamin,Chilwell,Chilwell,LEI,DEF,95.4,4.2,9.0,85,1789,2,3,7,3,2.5,56,0.4,15.2,21,0,0,0,1,0,0
162,Jonny,Evans,Evans,LEI,DEF,82.9,3.6,6.2,90,2214,1,2,8,7,1.0,53,0.2,17.0,26,0,0,0,4,0,0
163,Christian,Fuchs,Fuchs,LEI,DEF,17.8,3.1,0.4,22,544,0,0,2,2,0.2,43,0.0,5.1,5,0,0,0,0,0,0
164,Çaglar,Söyüncü,Söyüncü,LEI,DEF,78.1,3.6,16.7,86,2160,1,1,8,8,1.2,50,0.2,17.2,25,0,0,0,4,0,0
165,Wes,Morgan,Morgan,LEI,DEF,8.2,1.1,0.6,8,159,0,0,0,0,0.2,41,0.0,2.0,1,0,0,0,0,0,0
166,Jamie,Vardy,Vardy,LEI,FWD,187.0,6.6,40.2,152,2011,17,6,7,25,2.0,98,0.2,15.4,24,0,0,1,2,0,0
167,Kelechi,Iheanacho,Iheanacho,LEI,FWD,60.6,4.4,0.4,40,386,3,4,1,5,2.5,57,0.4,7.0,6,0,0,0,1,0,0
168,Kasper,Schmeichel,Schmeichel,LEI,GKP,56.9,3.7,14.5,92,2250,0,0,8,3,2.0,54,0.4,17.0,26,0,0,0,1,0,66
169,Eldin,Jakupovic,Jakupovic,LEI,GKP,0.0,0.0,0.1,0,0,0,0,0,0,0.0,42,0.0,0.0,0,0,0,0,0,0,0
170,Danny,Ward,Ward,LEI,GKP,0.0,0.0,0.2,0,0,0,0,0,0,0.0,43,0.0,0.0,0,0,0,0,0,0,0
171,James,Maddison,Maddison,LEI,MID,214.8,4.6,23.1,110,2039,6,5,7,14,1.8,76,0.2,14.5,23,0,0,0,3,0,0
172,Harvey,Barnes,Barnes,LEI,MID,132.9,3.8,1.3,87,1390,4,7,5,5,6.8,59,1.2,14.7,14,0,0,0,0,0,0
173,Rachid,Ghezzal,Ghezzal,LEI,MID,0.0,0.0,0.0,0,0,0,0,0,0,0.0,52,0.0,0.0,0,0,0,0,0,0,0
174,Marc,Albrighton,Albrighton,LEI,MID,25.1,1.4,0.2,15,352,0,1,0,0,0.0,51,0.0,2.9,7,0,0,0,1,0,0
175,Demarai,Gray,Gray,LEI,MID,37.8,1.7,0.2,24,409,1,2,0,0,0.2,51,0.0,4.7,4,0,0,1,1,0,0
176,Wilfred,Ndidi,Ndidi,LEI,MID,80.9,3.0,1.8,63,1786,2,1,8,5,0.2,50,0.0,12.6,18,0,0,0,3,0,0
177,Matty,James,James,LEI,MID,0.0,0.0,0.1,0,0,0,0,0,0,0.0,43,0.0,0.0,0,0,0,0,0,0,0
178,Daniel,Amartey,Amartey,LEI,MID,0.0,0.0,0.3,0,0,0,0,0,0,0.0,43,0.0,0.0,0,0,0,0,0,0,0
179,Nampalys,Mendy,Mendy,LEI,MID,8.0,1.5,0.9,6,193,0,0,0,0,0.8,43,0.2,1.4,3,0,0,0,0,0,0
180,Hamza,Choudhury,Choudhury,LEI,MID,29.0,1.9,0.9,27,636,1,1,1,0,1.0,43,0.2,6.3,10,0,0,0,2,0,0
181,Andrew,Robertson,Robertson,LIV,DEF,134.1,4.9,20.8,123,2173,1,6,10,12,5.0,70,0.7,17.6,15,0,0,0,1,0,0
182,Trent,Alexander-Arnold,Alexander-Arnold,LIV,DEF,204.2,5.8,43.1,146,2189,2,12,10,14,6.8,76,0.9,19.2,15,0,0,0,4,0,0
183,Virgil,van Dijk,van Dijk,LIV,DEF,97.5,5.1,44.3,127,2250,4,0,11,11,7.0,65,1.1,19.5,15,0,0,0,1,0,0
184,Joseph,Gomez,Gomez,LIV,DEF,28.1,4.1,4.9,65,1007,0,0,9,5,5.2,53,1.0,12.3,2,0,0,0,3,0,0
185,Joel,Matip,Matip,LIV,DEF,25.0,4.6,1.2,32,630,1,0,2,4,0.0,52,0.0,6.2,5,0,0,0,0,0,0
186,Dejan,Lovren,Lovren,LIV,DEF,24.6,2.0,0.2,16,669,0,1,0,0,0.0,53,0.0,3.0,8,0,0,0,1,0,0
187,Roberto,Firmino,Firmino,LIV,FWD,238.2,4.9,17.9,122,2062,8,8,13,18,6.2,96,0.6,12.7,10,0,0,0,0,0,0
188,Divock,Origi,Origi,LIV,FWD,41.2,2.5,2.6,50,487,3,3,1,6,1.6,52,0.3,9.6,9,0,0,0,0,0,0
189,Alisson,Ramses Becker,Alisson,LIV,GKP,34.5,4.8,11.2,81,1463,0,1,9,6,7.8,61,1.3,13.3,7,0,0,0,0,1,40
190,Simon,Mignolet,Mignolet,LIV,GKP,0.0,0.0,0.0,0,0,0,0,0,0,0.0,45,0.0,0.0,0,0,0,0,0,0,0
191,Mohamed,Salah,Salah,LIV,MID,263.7,7.5,41.7,165,1883,14,6,13,21,9.0,127,0.7,13.1,9,0,0,0,1,0,0
192,Sadio,Mané,Mané,LIV,MID,200.0,6.7,23.4,147,1777,11,8,9,18,1.4,122,0.1,12.0,12,0,0,0,1,0,0
193,Alex,Oxlade-Chamberlain,Chamberlain,LIV,MID,60.0,2.9,0.7,50,857,3,0,7,2,5.0,62,0.8,8.1,4,0,0,0,1,0,0
194,Xherdan,Shaqiri,Shaqiri,LIV,MID,13.2,2.3,0.2,14,174,1,0,1,0,0.2,63,0.0,2.2,2,0,0,0,0,0,0
195,Adam,Lallana,Lallana,LIV,MID,22.7,1.9,0.1,25,336,1,1,1,1,0.6,58,0.1,4.3,4,0,0,0,1,0,0
196,Naby,Keita,Keita,LIV,MID,25.7,3.1,0.2,22,226,1,1,2,3,0.4,58,0.1,3.8,0,0,0,0,0,0,0
197,Fabio Henrique,Tavares,Fabinho,LIV,MID,49.6,2.4,1.0,38,1144,1,1,3,4,1.2,54,0.2,7.0,10,0,0,0,5,0,0
198,Jordan,Henderson,Henderson,LIV,MID,108.2,3.8,1.8,92,1793,3,4,13,8,7.0,54,1.3,17.0,9,0,0,0,1,0,0
199,Georginio,Wijnaldum,Wijnaldum,LIV,MID,73.5,3.0,2.3,71,2022,2,0,11,3,2.8,54,0.5,13.1,13,0,0,0,0,0,0
200,James,Milner,Milner,LIV,MID,38.3,2.6,0.5,42,662,2,2,4,3,0.0,53,0.0,7.9,6,0,0,0,3,0,0
201,Rafael,Camacho,Camacho,LIV,MID,0.0,0.0,0.0,0,0,0,0,0,0,0.0,45,0.0,0.0,0,0,0,0,0,0,0
202,Aymeric,Laporte,Laporte,MCI,DEF,12.4,3.0,2.1,15,383,0,0,2,0,1.5,63,0.2,2.4,3,0,0,0,1,0,0
203,Kyle,Walker,Walker,MCI,DEF,59.7,3.3,10.7,60,1537,1,2,5,3,1.5,57,0.3,10.5,20,0,0,0,3,0,0
204,Benjamin,Mendy,Mendy,MCI,DEF,53.6,3.3,0.9,36,921,0,2,3,2,1.8,55,0.3,6.5,11,0,0,0,2,0,0
205,Fabian,Delph,Delph,EVE,DEF,32.2,1.5,0.2,23,1106,0,0,2,2,0.5,53,0.1,4.3,21,0,0,0,3,1,0
206,Oleksandr,Zinchenko,Zinchenko,MCI,DEF,46.1,3.2,2.4,32,770,0,0,4,1,1.5,52,0.3,6.2,9,0,0,0,0,0,0
207,John,Stones,Stones,MCI,DEF,26.7,2.1,1.0,23,879,0,0,2,0,0.8,53,0.2,4.3,15,0,0,0,0,0,0
208,Nicolás,Otamendi,Otamendi,MCI,DEF,64.3,3.7,2.1,56,1111,2,1,4,5,2.5,50,0.5,11.2,15,0,0,0,3,0,0
209,Danilo Luiz,da Silva,Danilo,MCI,DEF,0.0,0.0,0.0,0,0,0,0,0,0,0.0,50,0.0,0.0,0,0,0,0,0,0,0
210,Sergio,Agüero,Agüero,MCI,FWD,173.8,6.6,23.5,119,1107,16,4,3,14,9.2,120,0.8,9.9,16,0,0,0,1,0,0
211,Gabriel Fernando,de Jesus,Jesus,MCI,FWD,162.6,4.4,2.9,88,1181,9,5,5,8,3.5,95,0.4,9.3,11,0,0,1,1,0,0
212,Ederson,Santana de Moraes,Ederson,MCI,GKP,36.8,3.1,11.5,66,1811,0,0,7,2,2.2,60,0.4,11.0,23,0,0,0,3,1,42
213,Claudio,Bravo,Bravo,MCI,GKP,5.8,2.8,0.3,11,346,0,0,1,0,0.0,48,0.0,2.3,7,0,0,0,0,0,8
214,Raheem,Sterling,Sterling,MCI,MID,235.3,5.2,18.8,115,1845,11,2,8,9,1.2,117,0.1,9.8,23,0,0,1,4,0,0
215,Kevin,De Bruyne,De Bruyne,MCI,MID,279.7,6.9,53.4,159,1890,7,17,10,20,4.5,107,0.4,14.9,18,0,0,0,2,0,0
216,Leroy,Sané,Sané,MCI,MID,0.0,0.0,0.2,0,0,0,0,0,0,0.0,93,0.0,0.0,0,0,0,0,0,0,0
217,Riyad,Mahrez,Mahrez,MCI,MID,179.2,5.5,8.9,110,1190,7,9,5,12,5.2,85,0.6,12.9,8,0,0,0,0,0,0
218,Bernardo Mota,Veiga de Carvalho e Silva,Bernardo Silva,MCI,MID,152.0,3.8,8.4,75,1247,5,4,4,5,0.8,78,0.1,9.6,21,0,0,0,5,0,0
219,David,Silva,David Silva,MCI,MID,144.7,4.8,4.4,87,1168,3,9,6,8,1.8,74,0.2,11.8,12,0,0,0,0,0,0
220,Phil,Foden,Foden,MCI,MID,31.1,1.3,0.3,16,258,0,1,0,0,0.2,51,0.0,3.1,4,0,0,0,0,0,0
221,Fernando,Luiz Rosa,Fernandinho,MCI,MID,61.0,1.9,0.7,38,1725,0,0,8,1,1.0,52,0.2,7.3,19,1,0,0,5,1,0
222,Ilkay,Gündogan,Gündogan,MCI,MID,99.0,2.2,1.2,46,1304,2,1,3,4,0.8,52,0.2,8.8,22,0,0,0,7,0,0
223,Chris,Smalling,Smalling,MUN,DEF,0.0,0.0,0.1,0,0,0,0,0,0,0.0,52,0.0,0.0,0,0,0,0,0,0,0
224,Ashley,Young,Young,MUN,DEF,49.1,2.0,0.3,24,953,0,0,2,0,0.0,54,0.0,4.4,10,0,0,0,5,0,0
225,Victor,Lindelöf,Lindelöf,MUN,DEF,52.4,2.7,1.2,63,2070,1,0,5,4,3.0,53,0.6,11.9,26,1,0,0,4,0,0
226,Luke,Shaw,Shaw,MUN,DEF,45.1,1.8,0.6,25,873,0,0,2,0,1.8,54,0.3,4.6,10,0,0,0,4,0,0
227,Marcos,Rojo,Rojo,MUN,DEF,2.8,1.0,0.1,3,121,0,0,0,0,0.0,48,0.0,0.6,2,0,0,0,1,0,0
228,Eric,Bailly,Bailly,MUN,DEF,0.0,0.0,0.0,0,0,0,0,0,0,0.0,49,0.0,0.0,0,0,0,0,0,0,0
229,José Diogo,Dalot Teixeira,Dalot,MUN,DEF,1.9,1.0,0.1,3,64,0,0,0,0,0.5,49,0.1,0.6,1,0,0,0,0,0,0
230,Matteo,Darmian,Darmian,MUN,DEF,0.0,0.0,0.0,0,0,0,0,0,0,0.0,49,0.0,0.0,0,0,0,0,0,0,0
231,Phil,Jones,Jones,MUN,DEF,4.7,1.0,0.2,2,135,0,0,0,0,0.2,48,0.0,0.4,3,0,0,0,0,0,0
232,Romelu,Lukaku,Lukaku,MUN,FWD,0.0,0.0,0.3,0,0,0,0,0,0,0.0,85,0.0,0.0,0,0,0,0,0,0,0
233,Marcus,Rashford,Rashford,MUN,FWD,202.3,6.1,11.1,134,1876,14,5,4,26,3.0,89,0.3,15.1,23,0,0,2,2,0,0
234,Mason,Greenwood,Greenwood,MUN,FWD,47.8,2.1,12.7,43,494,4,0,0,5,2.0,44,0.5,9.8,8,0,0,0,0,0,0
235,David,de Gea,de Gea,MUN,GKP,46.1,3.2,11.4,79,2250,0,0,5,5,4.0,54,0.7,14.6,29,0,0,0,2,0,64
236,Sergio,Romero,Romero,MUN,GKP,0.0,0.0,0.2,0,0,0,0,0,0,0.0,47,0.0,0.0,0,0,0,0,0,0,0
237,Lee,Grant,Grant,MUN,GKP,0.0,0.0,0.1,0,0,0,0,0,0,0.0,48,0.0,0.0,0,0,0,0,0,0,0
238,Paul,Pogba,Pogba,MUN,MID,46.5,2.4,2.9,17,521,0,2,1,0,0.0,83,0.0,2.0,5,0,0,1,0,0,0
239,Anthony,Martial,Martial,MUN,MID,145.7,5.1,13.3,96,1541,8,3,6,7,3.8,79,0.5,12.2,20,0,0,1,1,0,0
240,Alexis,Sánchez,Sánchez,MUN,MID,0.0,0.0,0.4,0,0,0,0,0,0,0.0,68,0.0,0.0,0,0,0,0,0,0,0
241,Jesse,Lingard,Lingard,MUN,MID,59.1,1.2,0.7,25,882,0,0,1,0,0.5,63,0.1,4.0,14,0,0,0,3,0,0
242,Juan,Mata,Mata,MUN,MID,50.9,2.2,0.4,35,709,0,2,4,2,4.2,62,0.7,5.6,8,0,0,0,1,0,0
243,Daniel,James,James,MUN,MID,122.8,3.3,6.8,80,1907,3,6,4,2,2.0,59,0.3,13.6,27,0,0,0,3,0,0
244,Frederico,Rodrigues de Paula Santos,Fred,MUN,MID,99.0,1.8,0.3,38,1678,0,0,3,0,2.5,53,0.5,7.2,23,0,0,0,4,0,0
245,Angel,Gomes,Gomes,MUN,MID,3.1,1.0,0.1,2,19,0,0,0,0,0.2,48,0.0,0.4,1,0,0,0,0,0,0
246,Andreas,Pereira,Pereira,MUN,MID,100.2,2.6,0.5,57,1432,1,3,6,1,2.2,49,0.4,11.6,16,0,0,0,3,0,0
247,Nemanja,Matic,Matic,MUN,MID,18.5,2.1,0.3,17,598,0,0,3,0,1.5,48,0.3,3.5,7,0,0,0,1,0,0
248,Scott,McTominay,McTominay,MUN,MID,83.4,3.2,1.0,55,1451,2,2,2,6,0.0,49,0.0,11.2,17,0,0,0,2,0,0
249,Tahith,Chong,Chong,MUN,MID,0.2,1.0,0.7,2,24,0,0,0,0,0.0,43,0.0,0.5,0,0,0,0,0,0,0
250,James,Garner,Garner,MUN,MID,0.5,1.0,0.2,1,8,0,0,0,0,0.0,43,0.0,0.2,1,0,0,0,0,0,0
251,Matt,Ritchie,Ritchie,NEW,DEF,30.8,3.5,0.2,21,528,0,0,3,0,3.2,53,0.6,4.0,6,0,0,0,1,0,0
252,Fabian,Schär,Schär,NEW,DEF,56.6,3.2,1.3,51,1297,2,1,4,2,1.0,50,0.2,10.2,25,0,0,0,4,0,0
253,DeAndre,Yedlin,Yedlin,NEW,DEF,27.0,1.9,0.1,23,772,1,0,1,0,0.0,44,0.0,5.2,11,0,0,0,3,0,0
254,Federico,Fernández,Fernández,NEW,DEF,71.0,3.5,1.1,67,1463,2,2,4,10,5.2,44,1.2,15.2,22,0,0,0,4,0,0
255,Paul,Dummett,Dummett,NEW,DEF,37.7,2.8,0.2,44,1227,0,0,5,4,0.2,44,0.0,10.0,20,1,0,0,2,0,0
256,Javier,Manquillo,Manquillo,NEW,DEF,19.2,2.9,0.2,32,800,0,1,3,4,0.0,43,0.0,7.4,12,0,0,0,2,0,0
257,Florian,Lejeune,Lejeune,NEW,DEF,22.5,4.0,0.0,24,440,2,0,1,1,4.0,44,0.9,5.5,10,0,0,0,0,0,0
258,Jamaal,Lascelles,Lascelles,NEW,DEF,36.2,3.4,3.2,51,1270,1,0,5,3,3.2,42,0.8,12.1,20,0,0,0,1,0,0
259,Ciaran,Clark,Clark,NEW,DEF,44.4,3.7,0.3,48,1104,2,0,4,2,3.5,43,0.8,11.2,12,0,0,0,3,0,0
260,Yoshinori,Muto,Muto,NEW,FWD,3.7,1.1,0.1,8,201,0,0,0,0,0.0,51,0.0,1.6,6,0,0,0,0,0,0
261,Jose Luis,Mato Sanmartín,Joselu,NEW,FWD,0.0,0.0,0.0,0,0,0,0,0,0,0.0,50,0.0,0.0,0,0,0,0,0,0,0
262,Martin,Dubravka,Dubravka,NEW,GKP,74.5,4.0,1.7,99,2250,0,0,7,6,5.0,50,1.0,19.8,36,0,0,0,0,0,101
263,Karl,Darlow,Darlow,NEW,GKP,0.0,0.0,0.1,0,0,0,0,0,0,0.0,43,0.0,0.0,0,0,0,0,0,0,0
264,Frederick,Woodman,Woodman,NEW,GKP,0.0,0.0,0.8,0,0,0,0,0,0,0.0,40,0.0,0.0,0,0,0,0,0,0,0
265,Ayoze,Pérez,Pérez,LEI,MID,133.5,4.7,8.9,104,1433,7,5,6,9,5.2,62,0.8,16.8,16,0,0,0,0,0,0
266,Miguel,Almirón,Almirón,NEW,MID,92.1,2.9,0.8,70,2030,2,1,8,5,4.0,58,0.7,12.1,32,0,0,0,4,0,0
267,Christian,Atsu,Atsu,NEW,MID,36.3,2.0,0.1,36,732,0,3,3,0,1.0,53,0.2,6.8,14,0,0,0,2,0,0
268,Sung-yueng,Ki,Ki Sung-yueng,NEW,MID,5.8,1.3,0.0,4,135,0,0,0,0,0.0,47,0.0,0.9,6,0,0,0,0,0,0
269,Jonjo,Shelvey,Shelvey,NEW,MID,89.6,4.3,0.8,64,1159,5,0,4,9,0.8,50,0.2,12.8,18,0,0,0,1,0,0
270,Sean,Longstaff,Longstaff,NEW,MID,46.3,1.8,0.3,33,1106,0,2,2,0,1.5,50,0.3,6.6,19,0,0,0,1,1,0
271,Isaac,Hayden,Hayden,NEW,MID,61.5,2.6,4.7,54,1781,1,3,5,2,3.8,43,0.9,12.6,30,0,0,0,4,1,0
272,Timm,Klose,Klose,NOR,DEF,0.0,0.0,0.0,0,0,0,0,0,0,0.0,43,0.0,0.0,0,0,0,0,0,0,0
273,Ben,Godfrey,Godfrey,NOR,DEF,42.9,1.3,0.1,24,1564,0,0,2,0,0.8,44,0.2,5.5,35,0,0,0,1,1,0
274,Maximillian,Aarons,Aarons,NOR,DEF,82.6,1.9,1.1,43,2070,0,1,4,1,4.0,43,0.9,10.0,43,0,0,0,5,0,0
275,Christoph,Zimmermann,Zimmermann,NOR,DEF,36.5,2.4,0.0,33,1205,0,1,3,1,3.5,44,0.8,7.5,20,0,0,0,2,0,0
276,Jamal,Lewis,Lewis,NOR,DEF,39.5,1.4,0.2,21,1162,0,0,2,0,0.2,44,0.0,4.8,28,0,0,0,2,0,0
277,Grant,Hanley,Hanley,NOR,DEF,30.0,1.3,2.0,14,901,0,0,1,1,2.2,40,0.6,3.5,20,1,0,0,2,0,0
278,Teemu,Pukki,Pukki,NOR,FWD,185.1,5.0,13.8,119,2131,11,3,5,21,4.8,65,0.7,18.3,42,0,0,0,3,0,0
279,Dennis,Srbeny,Srbeny,NOR,FWD,7.0,1.6,0.0,13,41,1,0,0,1,0.0,52,0.0,2.5,2,0,0,0,0,0,0
280,Tim,Krul,Krul,NOR,GKP,66.7,3.3,2.2,76,2070,0,0,4,9,4.5,45,1.0,16.9,40,1,2,0,4,0,81
281,Michael,McGovern,McGovern,NOR,GKP,6.5,5.5,6.7,11,158,0,0,0,2,0.0,40,0.0,2.8,6,0,1,0,0,0,7
282,Mario,Vrancic,Vrancic,NOR,MID,23.4,1.7,0.1,19,353,1,0,0,1,0.8,62,0.1,3.1,8,0,0,0,2,0,0
283,Emiliano,Buendía,Buendía,NOR,MID,181.6,3.1,0.8,74,1795,0,7,2,10,1.2,60,0.2,12.3,40,0,0,0,3,0,0
284,Onel,Hernández,Hernández,NOR,MID,54.6,1.9,0.1,33,756,1,1,1,0,0.8,53,0.2,6.2,15,0,0,0,0,0,0
285,Marco,Stiepermann,Stiepermann,NOR,MID,50.2,1.4,0.1,24,919,0,0,1,0,0.2,51,0.0,4.7,24,0,0,0,4,0,0
286,Kenny,McLean,McLean,NOR,MID,85.8,2.2,0.2,53,1928,1,1,4,0,2.5,49,0.5,10.8,40,0,0,0,4,0,0
287,Todd,Cantwell,Cantwell,NOR,MID,140.3,3.7,22.1,92,1782,6,2,5,10,2.0,49,0.4,18.8,36,0,0,0,4,0,0
288,Moritz,Leitner,Leitner,NOR,MID,28.8,1.8,0.2,16,683,0,0,1,0,0.0,43,0.0,3.7,16,0,0,0,1,0,0
289,Alexander,Tettey,Tettey,NOR,MID,45.3,2.4,0.3,46,1454,1,1,4,3,2.5,45,0.6,10.2,25,0,0,0,4,0,0
290,Tom,Trybull,Trybull,NOR,MID,32.0,1.8,0.6,25,1022,0,0,2,0,0.0,44,0.0,5.7,21,0,0,0,2,0,0
291,Enda,Stevens,Stevens,SHU,DEF,109.7,3.8,2.6,96,2250,1,2,9,8,4.8,51,0.9,18.8,23,0,0,0,4,0,0
292,Kieron,Freeman,Freeman,SHU,DEF,0.0,0.0,0.1,0,0,0,0,0,0,0.0,42,0.0,0.0,0,0,0,0,0,0,0
293,Jack,O'Connell,O'Connell,SHU,DEF,81.6,3.4,2.9,86,2250,0,1,9,6,4.2,46,0.9,18.7,23,0,0,0,3,0,0
294,George,Baldock,Baldock,SHU,DEF,84.6,4.2,11.3,105,2250,2,4,9,7,3.5,51,0.7,20.6,23,0,0,0,6,0,0
295,John,Egan,Egan,SHU,DEF,67.9,3.3,1.4,80,2148,0,0,9,3,4.0,45,0.9,17.8,20,0,0,0,2,0,0
296,Richard,Stearman,Stearman,SHU,DEF,0.0,0.0,2.2,0,0,0,0,0,0,0.0,39,0.0,0.0,0,0,0,0,0,0,0
297,John,Lundstram,Lundstram,SHU,DEF,100.6,4.5,46.0,108,1937,3,3,8,12,2.5,51,0.5,21.2,20,0,0,0,4,0,0
298,Billy,Sharp,Sharp,SHU,FWD,27.4,1.3,0.3,20,444,1,0,1,3,1.2,56,0.2,3.6,4,0,0,0,1,1,0
299,Jake,Eastwood,Eastwood,SHU,GKP,0.0,0.0,0.1,0,0,0,0,0,0,0.0,43,0.0,0.0,0,0,0,0,0,0,0
300,Mark,Duffy,Duffy,SHU,MID,0.0,0.0,0.0,0,0,0,0,0,0,0.0,52,0.0,0.0,0,0,0,0,0,0,0
301,John,Fleck,Fleck,SHU,MID,133.6,4.0,6.1,87,1918,5,2,7,13,5.5,51,1.1,17.4,19,0,0,0,7,0,0
302,Oliver,Norwood,Norwood,SHU,MID,112.1,2.8,0.3,70,2103,1,2,9,6,3.2,49,0.7,14.3,23,0,0,0,6,0,0
303,David,McGoldrick,McGoldrick,SHU,FWD,81.0,2.1,0.2,40,1314,0,2,5,3,0.2,54,0.0,7.4,13,0,0,0,2,0,0
304,Jannik,Vestergaard,Vestergaard,SOU,DEF,47.0,3.2,2.1,38,1023,1,0,3,6,1.5,46,0.3,8.3,21,0,0,0,1,0,0
305,Ryan,Bertrand,Bertrand,SOU,DEF,72.2,1.9,0.7,39,1662,1,1,3,0,2.2,48,0.5,8.1,39,0,0,0,3,1,0
306,Yan,Valery,Valery,SOU,DEF,17.4,1.1,0.1,9,554,0,1,0,0,0.0,46,0.0,2.0,18,0,0,0,1,0,0
307,Jan,Bednarek,Bednarek,SOU,DEF,57.7,2.2,0.7,53,2157,1,0,4,3,2.0,44,0.5,12.0,46,0,0,0,3,0,0
308,Jack,Stephens,Stephens,SOU,DEF,52.6,3.2,2.9,55,1467,1,3,3,6,3.2,44,0.7,12.5,27,0,0,0,1,0,0
309,Matt,Targett,Targett,AVL,DEF,82.6,3.4,1.0,58,1418,1,3,3,10,2.2,44,0.5,13.2,26,0,0,0,3,0,0
310,Maya,Yoshida,Yoshida,SOU,DEF,17.7,1.2,0.2,10,558,0,0,1,1,0.0,42,0.0,2.4,18,0,0,0,1,0,0
311,Kayne,Ramsay,Ramsay,SOU,DEF,0.0,0.0,1.8,0,0,0,0,0,0,0.0,39,0.0,0.0,0,0,0,0,0,0,0
312,Charlie,Austin,Austin,SOU,FWD,0.0,0.0,0.0,0,0,0,0,0,0,0.0,60,0.0,0.0,0,0,0,0,0,0,0
313,Danny,Ings,Ings,SOU,FWD,187.4,5.1,28.4,128,1705,14,1,2,27,2.5,70,0.4,18.3,32,0,0,0,2,0,0
314,Michael,Obafemi,Obafemi,SOU,FWD,22.3,1.8,0.2,20,373,1,0,2,2,0.8,49,0.2,4.1,7,0,0,0,0,0,0
315,Shane,Long,Long,SOU,FWD,62.6,2.5,1.9,38,808,1,3,1,1,4.0,46,0.9,8.3,14,0,0,0,0,0,0
316,Sam,Gallagher,Gallagher,SOU,FWD,0.0,0.0,0.0,0,0,0,0,0,0,0.0,45,0.0,0.0,0,0,0,0,0,0,0
317,Fraser,Forster,Forster,SOU,GKP,0.0,0.0,0.3,0,0,0,0,0,0,0.0,43,0.0,0.0,0,0,0,0,0,0,0
318,Alex,McCarthy,McCarthy,SOU,GKP,33.9,3.0,3.5,45,1350,0,0,3,1,2.8,44,0.6,10.2,21,0,0,0,0,0,43
319,Angus,Gunn,Gunn,SOU,GKP,22.1,2.9,1.5,29,900,0,0,2,3,0.0,43,0.0,6.7,25,0,0,0,0,0,30
320,Nathan,Redmond,Redmond,SOU,MID,124.2,3.0,0.8,69,1955,3,1,4,5,4.8,62,0.8,11.1,43,0,0,0,2,0,0
321,James,Ward-Prowse,Ward-Prowse,SOU,MID,155.7,3.2,1.6,81,2250,4,3,5,6,2.5,58,0.4,14.0,46,0,0,1,7,0,0
322,Mohamed,Elyounoussi,Elyounoussi,SOU,MID,0.0,0.0,0.0,0,0,0,0,0,0,0.0,52,0.0,0.0,0,0,0,0,0,0,0
323,Stuart,Armstrong,Armstrong,SOU,MID,43.7,2.5,0.1,45,864,2,1,3,4,5.0,52,1.0,8.7,13,0,0,0,2,0,0
324,Mario,Lemina,Lemina,SOU,MID,0.0,0.0,0.1,0,0,0,0,0,0,0.0,47,0.0,0.0,0,0,0,0,0,0,0
325,Pierre-Emile,Højbjerg,Højbjerg,SOU,MID,97.4,2.4,0.4,57,2087,0,3,5,1,2.0,48,0.4,11.9,42,0,0,0,5,0,0
326,Tyreke,Johnson,Johnson,SOU,MID,0.0,0.0,0.0,0,0,0,0,0,0,0.0,44,0.0,0.0,0,0,0,0,0,0,0
327,Callum,Slattery,Slattery,SOU,MID,0.0,0.0,0.3,0,0,0,0,0,0,0.0,44,0.0,0.0,0,0,0,0,0,0,0
328,Oriol,Romeu Vidal,Oriol Romeu,SOU,MID,40.4,1.7,1.5,34,1286,0,0,3,0,1.2,43,0.3,7.9,32,0,0,0,3,0,0
329,Ben,Davies,Davies,TOT,DEF,11.6,1.3,0.1,8,360,0,0,0,0,0.0,53,0.0,1.5,6,0,0,0,1,0,0
330,Jan,Vertonghen,Vertonghen,TOT,DEF,44.1,3.0,1.7,48,1362,1,1,3,4,1.8,52,0.3,9.2,20,0,0,0,2,0,0
331,Toby,Alderweireld,Alderweireld,TOT,DEF,81.8,2.3,4.9,53,2070,0,2,3,2,2.8,53,0.5,10.0,31,0,0,0,3,0,0
332,Danny,Rose,Rose,NEW,DEF,38.9,1.4,1.3,18,902,0,0,1,0,0.8,53,0.2,3.4,14,0,0,0,5,0,0
333,Davinson,Sánchez,Sánchez,TOT,DEF,40.5,1.5,0.9,25,1440,0,0,1,0,0.5,53,0.1,4.7,23,0,0,0,4,0,0
334,Kieran,Trippier,Trippier,TOT,DEF,0.0,0.0,0.1,0,0,0,0,0,0,0.0,55,0.0,0.0,0,0,0,0,0,0,0
335,Juan,Foyth,Foyth,TOT,DEF,3.1,0.8,0.0,3,66,0,0,0,0,0.0,48,0.0,0.6,3,0,0,0,1,0,0
336,Serge,Aurier,Aurier,TOT,DEF,99.2,3.6,5.8,69,1624,0,6,4,11,3.5,50,0.7,13.8,22,1,0,0,1,1,0
337,Kyle,Walker-Peters,Walker-Peters,SOU,DEF,11.6,1.7,0.5,5,241,0,0,0,0,0.0,44,0.0,1.1,4,0,0,0,0,0,0
338,Harry,Kane,Kane,TOT,FWD,151.8,5.2,8.9,104,1778,11,2,2,16,0.0,108,0.0,9.6,29,0,0,0,2,0,0
339,Vincent,Janssen,Janssen,TOT,FWD,0.0,0.0,0.1,0,0,0,0,0,0,0.0,45,0.0,0.0,0,0,0,0,0,0,0
340,Hugo,Lloris,Lloris,TOT,GKP,21.4,3.1,3.2,25,638,0,0,1,0,0.5,53,0.1,4.7,9,0,0,0,0,0,31
341,Paulo,Gazzaniga,Gazzaniga,TOT,GKP,45.0,3.4,3.1,57,1522,0,0,2,6,4.2,45,0.9,12.7,23,0,1,0,1,0,58
342,Heung-Min,Son,Son,TOT,MID,158.9,5.3,8.3,101,1564,6,9,3,10,3.0,99,0.3,10.2,23,0,0,0,0,2,0
343,Christian,Eriksen,Eriksen,TOT,MID,83.3,2.4,2.6,48,1090,2,2,1,6,1.0,86,0.1,5.6,18,0,0,0,5,0,0
344,Bamidele,Alli,Alli,TOT,MID,117.3,5.5,6.1,93,1415,7,4,3,12,4.5,85,0.5,10.9,18,0,0,0,2,0,0
345,Lucas,Rodrigues Moura da Silva,Lucas Moura,TOT,MID,107.6,2.9,4.7,63,1277,4,2,2,1,1.8,71,0.3,8.9,16,0,0,0,2,0,0
346,Erik,Lamela,Lamela,TOT,MID,66.3,2.9,1.2,41,805,2,2,3,2,1.8,57,0.3,7.2,9,0,0,0,2,0,0
347,Harry,Winks,Winks,TOT,MID,43.5,1.5,0.2,28,1229,0,0,2,0,1.2,52,0.2,5.4,20,0,0,0,6,0,0
348,Victor,Wanyama,Wanyama,TOT,MID,0.2,0.5,0.1,1,24,0,0,0,0,0.0,48,0.0,0.2,2,0,0,0,1,0,0
349,Moussa,Sissoko,Sissoko,TOT,MID,61.1,2.5,1.3,49,1688,2,1,3,0,0.0,48,0.0,10.2,25,0,0,0,6,0,0
350,Eric,Dier,Dier,TOT,MID,23.6,1.6,0.2,16,645,0,1,1,0,0.2,48,0.0,3.3,12,0,0,0,4,0,0
351,Luke,Amos,Amos,TOT,MID,0.0,0.0,0.0,0,0,0,0,0,0,0.0,45,0.0,0.0,0,0,0,0,0,0,0
352,Oliver,Skipp,Skipp,TOT,MID,0.5,1.0,0.6,3,12,0,0,0,0,0.0,43,0.0,0.7,0,0,0,0,0,0,0
353,José,Holebas,Holebas,WAT,DEF,43.8,1.3,0.7,16,1004,0,0,2,0,0.0,46,0.0,3.5,26,0,0,0,5,0,0
354,Christian,Kabasele,Kabasele,WAT,DEF,33.3,3.2,0.5,48,1215,0,1,6,3,0.5,43,0.1,11.2,14,0,0,0,1,2,0
355,Adam,Masina,Masina,WAT,DEF,37.0,2.8,0.1,36,861,1,0,4,1,5.0,43,1.2,8.4,14,0,0,0,3,0,0
356,Adrian,Mariappa,Mariappa,WAT,DEF,28.7,1.8,0.4,25,1136,0,0,3,1,3.8,42,0.9,6.0,24,0,0,0,1,1,0
357,Francisco,Femenía Far,Kiko Femenía,WAT,DEF,47.8,1.7,0.5,29,1344,0,0,3,0,0.0,42,0.0,6.9,28,0,0,0,4,0,0
358,Craig,Cathcart,Cathcart,WAT,DEF,45.2,2.9,3.3,66,1993,0,0,8,3,3.2,44,0.7,15.0,28,0,0,0,5,0,0
359,Daryl,Janmaat,Janmaat,WAT,DEF,27.1,4.5,0.6,36,606,0,1,4,7,0.0,40,0.0,9.0,5,1,0,0,1,0,0
360,Marc,Navarro,Navarro,WAT,DEF,0.0,0.0,0.3,0,0,0,0,0,0,0.0,39,0.0,0.0,0,0,0,0,0,0,0
361,Sebastian,Prödl,Prödl,WAT,DEF,1.0,1.0,1.1,1,56,0,0,0,0,0.0,39,0.0,0.3,0,0,0,0,0,0,0
362,Troy,Deeney,Deeney,WAT,FWD,102.1,3.8,2.3,53,1173,5,1,5,8,5.2,63,0.8,8.4,15,0,0,1,3,0,0
363,Gerard,Deulofeu,Deulofeu,WAT,FWD,186.6,3.3,3.1,83,1886,4,5,8,9,3.5,61,0.6,13.6,29,0,0,0,3,0,0
364,Andre,Gray,Gray,WAT,FWD,50.1,1.8,0.4,35,706,2,1,0,2,1.2,55,0.2,6.2,17,0,0,0,1,0,0
365,Isaac,Success Ajayi,Success,WAT,FWD,3.7,0.8,0.3,4,65,0,0,0,0,0.0,48,0.0,0.8,3,0,0,0,1,0,0
366,Ben,Foster,Foster,WAT,GKP,63.0,4.0,5.0,99,2250,0,0,8,15,4.5,49,0.9,20.2,39,0,0,0,1,0,79
367,Pontus,Dahlberg,Dahlberg,WAT,GKP,0.0,0.0,0.1,0,0,0,0,0,0,0.0,43,0.0,0.0,0,0,0,0,0,0,0
368,Abdoulaye,Doucouré,Doucouré,WAT,MID,120.4,3.1,2.5,75,2096,3,2,8,7,4.8,57,0.8,13.2,37,1,0,0,7,0,0
369,Roberto,Pereyra,Pereyra,WAT,MID,67.6,2.3,0.6,44,1045,3,0,4,0,4.0,56,0.7,7.9,13,0,0,0,3,0,0
370,Will,Hughes,Hughes,WAT,MID,48.3,2.5,0.3,42,1154,1,1,4,3,0.0,53,0.0,7.9,22,0,0,0,3,0,0
371,Tom,Cleverley,Cleverley,WAT,MID,47.5,2.7,0.1,24,645,1,0,1,2,0.0,48,0.0,5.0,17,0,0,0,0,0,0
372,Ken,Sema,Sema,WAT,MID,0.0,0.0,0.0,0,0,0,0,0,0,0.0,48,0.0,0.0,0,0,0,0,0,0,0
373,Etienne,Capoue,Capoue,WAT,MID,59.5,2.4,0.3,48,1778,0,2,6,2,2.2,48,0.5,10.0,35,0,0,0,6,0,0
374,Nathaniel,Chalobah,Chalobah,WAT,MID,27.2,1.9,0.2,27,770,0,1,2,2,2.2,44,0.5,6.1,10,0,0,0,1,0,0
375,Domingos,Quina,Quina,WAT,MID,1.5,1.0,0.1,4,18,0,0,0,0,0.2,44,0.0,0.9,2,0,0,0,0,0,0
376,Aaron,Cresswell,Cresswell,WHU,DEF,76.1,3.1,1.4,58,1663,3,0,4,5,1.2,47,0.3,12.3,33,0,0,0,6,0,0
377,Angelo,Ogbonna,Ogbonna,WHU,DEF,54.2,3.0,1.5,59,1800,2,0,6,0,0.4,45,0.1,13.1,29,1,0,0,4,0,0
378,Arthur,Masuaku,Masuaku,WHU,DEF,40.0,1.8,0.5,25,818,0,1,2,3,0.8,42,0.2,6.0,16,0,0,0,2,1,0
379,Pablo,Zabaleta,Zabaleta,WHU,DEF,16.9,1.0,0.5,9,558,0,0,0,0,0.6,42,0.1,2.1,13,0,0,0,2,0,0
380,Ryan,Fredericks,Fredericks,WHU,DEF,64.3,2.9,0.4,56,1627,0,2,6,5,0.2,44,0.0,12.7,29,0,0,0,5,0,0
381,Issa,Diop,Diop,WHU,DEF,49.6,2.3,2.1,43,1595,2,0,3,2,3.0,44,0.7,9.8,35,0,0,0,7,0,0
382,Fabián,Balbuena,Balbuena,WHU,DEF,41.5,2.8,0.4,36,1081,1,0,3,3,0.4,43,0.1,8.4,22,0,0,0,2,0,0
383,Winston,Reid,Reid,WHU,DEF,0.0,0.0,5.2,0,0,0,0,0,0,0.0,39,0.0,0.0,0,0,0,0,0,0,0
384,Ben,Johnson,Johnson,WHU,DEF,0.0,0.0,1.6,0,0,0,0,0,0,0.0,39,0.0,0.0,0,0,0,0,0,0,0
385,Marko,Arnautovic,Arnautovic,WHU,FWD,0.0,0.0,0.1,0,0,0,0,0,0,0.0,70,0.0,0.0,0,0,0,0,0,0,0
386,Javier,Hernández Balcázar,Chicharito,WHU,FWD,7.7,4.5,0.4,9,106,1,0,0,2,0.0,60,0.0,1.5,4,0,0,0,0,0,0
387,Alexandre Nascimento,Costa Silva,Xande Silva,WHU,FWD,0.0,0.0,0.9,0,0,0,0,0,0,0.0,43,0.0,0.0,0,0,0,0,0,0,0
388,Lukasz,Fabianski,Fabianski,WHU,GKP,27.0,4.2,2.1,51,947,0,0,4,5,1.0,49,0.2,10.4,15,0,1,0,1,0,35
389,Michail,Antonio,Antonio,WHU,MID,68.1,2.6,0.7,29,668,1,2,2,0,0.6,69,0.1,4.2,12,0,0,0,0,0,0
390,Felipe Anderson,Pereira Gomes,Felipe Anderson,WHU,MID,111.0,3.0,2.6,57,1337,1,4,6,1,0.4,66,0.1,8.6,25,0,0,0,1,0,0
391,Manuel,Lanzini,Lanzini,WHU,MID,86.1,2.4,0.8,45,1182,0,3,2,3,1.8,62,0.3,7.3,24,0,0,0,0,0,0
392,Andriy,Yarmolenko,Yarmolenko,WHU,MID,64.2,3.3,0.8,49,822,3,1,3,8,0.0,53,0.0,9.2,14,0,0,0,2,0,0
393,Robert,Snodgrass,Snodgrass,WHU,MID,123.6,3.9,1.0,78,1329,5,4,3,8,5.4,52,1.0,15.0,28,0,0,0,4,0,0
394,Jack,Wilshere,Wilshere,WHU,MID,1.4,1.0,0.2,6,174,0,0,0,0,0.0,47,0.0,1.3,4,0,0,0,0,0,0
395,Declan,Rice,Rice,WHU,MID,77.3,2.2,1.6,56,2250,0,1,6,1,2.0,47,0.4,11.9,43,0,0,0,4,0,0
396,Mark,Noble,Noble,WHU,MID,71.8,3.5,2.0,77,1789,4,2,6,6,3.0,50,0.6,15.4,30,0,0,0,3,0,0
397,Carlos,Sánchez,Carlos Sánchez,WHU,MID,1.1,1.2,0.5,7,112,0,0,0,0,0.0,43,0.0,1.6,2,0,0,0,0,0,0
398,Grady,Diangana,Diangana,WHU,MID,0.0,0.0,0.1,0,0,0,0,0,0,0.0,44,0.0,0.0,0,0,0,0,0,0,0
399,Pablo,Fornals,Fornals,WHU,MID,72.2,2.3,0.4,55,1238,1,3,4,3,1.0,60,0.2,9.2,22,0,0,0,1,0,0
400,Pedro,Obiang,Obiang,WHU,MID,0.0,0.0,0.0,0,0,0,0,0,0,0.0,45,0.0,0.0,0,0,0,0,0,0,0
401,Matt,Doherty,Doherty,WOL,DEF,101.3,3.6,4.1,83,1787,3,3,4,6,2.5,61,0.4,13.6,24,0,0,0,1,0,0
402,Jonathan,Castro Otto,Jonny,WOL,DEF,87.5,2.6,1.0,62,2024,1,2,4,0,3.2,54,0.6,11.5,29,0,0,0,4,0,0
403,Conor,Coady,Coady,WOL,DEF,42.1,2.6,1.5,64,2250,0,0,5,5,3.2,50,0.6,12.8,32,0,0,0,2,0,0
404,Ryan,Bennett,Bennett,LEI,DEF,16.3,1.9,0.3,21,603,0,0,2,0,0.0,48,0.0,4.4,9,0,0,0,2,0,0
405,Willy,Boly,Boly,WOL,DEF,30.2,4.4,2.0,40,810,0,1,4,7,1.5,47,0.3,8.5,7,0,0,0,0,1,0
406,Rúben Gonçalo,Silva Nascimento Vinagre,Vinagre,WOL,DEF,16.3,1.5,0.2,15,338,0,0,1,0,0.2,42,0.0,3.6,4,0,0,0,1,0,0
407,Romain,Saïss,Saïss,WOL,DEF,76.6,2.2,0.7,47,1623,2,1,3,1,2.5,44,0.6,10.7,26,0,0,0,7,1,0
408,Max,Kilman,Kilman,WOL,DEF,3.7,1.7,2.1,5,184,0,0,0,0,0.2,40,0.0,1.2,2,0,0,0,0,0,0
409,Raúl,Jiménez,Jiménez,WOL,FWD,232.4,5.2,24.1,131,2117,11,6,6,22,6.2,77,0.8,17.2,29,0,0,0,2,0,0
410,Diogo,Jota,Jota,WOL,FWD,134.2,2.7,2.6,56,1467,3,1,4,6,0.8,61,0.1,9.2,22,0,0,0,3,0,0
411,Rui Pedro,dos Santos Patrício,Patrício,WOL,GKP,55.5,3.6,8.9,91,2250,0,0,5,5,3.5,51,0.7,17.8,32,0,2,0,0,0,66
412,John,Ruddy,Ruddy,WOL,GKP,0.0,0.0,0.4,0,0,0,0,0,0,0.0,43,0.0,0.0,0,0,0,0,0,0,0
413,Will,Norris,Norris,WOL,GKP,0.0,0.0,0.6,0,0,0,0,0,0,0.0,40,0.0,0.0,0,0,0,0,0,0,0
414,Rúben Diogo,da Silva Neves,Neves,WOL,MID,80.2,2.4,4.5,61,1952,2,1,5,4,1.8,52,0.3,11.7,27,0,0,0,6,0,0
415,João Filipe Iria,Santos Moutinho,Moutinho,WOL,MID,151.8,3.4,5.2,85,2155,1,7,5,11,3.0,54,0.6,15.7,30,0,0,0,5,0,0
416,Morgan,Gibbs-White,Gibbs-White,WOL,MID,6.2,2.0,0.1,8,122,0,1,0,0,0.2,47,0.0,1.7,2,0,0,0,0,0,0
417,Adama,Traoré,Traoré,WOL,MID,159.8,4.3,21.0,103,1925,4,7,4,14,5.0,58,0.9,17.8,28,0,0,0,0,0,0
418,Hélder,Costa,Costa,WOL,MID,0.0,0.0,0.0,0,0,0,0,0,0,0.0,49,0.0,0.0,0,0,0,0,0,0,0
419,Ivan,Cavaleiro,Cavaleiro,WOL,MID,0.0,0.0,0.0,0,0,0,0,0,0,0.0,49,0.0,0.0,0,0,0,0,0,0,0
420,Leander,Dendoncker,Dendoncker,WOL,MID,67.2,2.5,9.9,62,1998,2,0,4,6,3.8,44,0.9,14.1,29,1,0,0,2,0,0
421,Leandro,Trossard,Trossard,BHA,MID,107.5,3.5,0.6,67,1162,3,5,1,6,3.8,58,0.7,11.6,22,0,0,0,0,0,0
422,André Filipe,Tavares Gomes,André Gomes,EVE,MID,15.8,1.6,0.3,13,584,0,0,2,0,0.0,52,0.0,2.5,8,0,0,0,3,0,0
423,Chris,Basham,Basham,SHU,DEF,60.0,3.2,0.8,79,2162,0,0,9,3,4.2,45,0.9,17.6,23,0,0,0,4,0,0
427,Emiliano,Martínez,Martínez,ARS,GKP,0.0,0.0,0.2,0,0,0,0,0,0,0.0,43,0.0,0.0,0,0,0,0,0,0,0
428,Wesley,Moraes,Wesley,AVL,FWD,108.3,3.2,0.9,67,1782,5,1,6,7,0.0,55,0.0,12.2,31,0,0,1,3,0,0
429,Jed,Steer,Steer,AVL,GKP,0.0,1.0,0.1,1,7,0,0,0,0,0.0,43,0.0,0.2,0,0,0,0,0,0,0
430,Aaron,Lennon,Lennon,BUR,MID,9.5,1.0,0.1,14,476,0,0,0,0,0.5,46,0.1,3.0,15,0,0,0,3,0,0
431,Christian,Pulisic,Pulisic,CHE,MID,132.7,4.4,3.7,70,1069,5,3,3,5,0.0,69,0.0,10.1,19,0,0,0,0,0,0
432,Mateo,Kovacic,Kovacic,CHE,MID,82.6,2.3,0.9,50,1408,1,3,2,4,0.5,53,0.1,9.4,24,0,0,0,7,0,0
433,James,Justin,Justin,LEI,DEF,8.0,2.3,0.1,7,110,0,1,0,0,0.0,48,0.0,1.5,1,0,0,0,0,0,0
434,Josip,Drmic,Drmic,NOR,FWD,8.4,1.4,0.1,14,124,1,0,0,0,0.5,53,0.1,2.6,3,0,0,0,0,0,0
435,Patrick,Roberts,Roberts,NOR,MID,0.5,1.0,0.0,3,24,0,0,0,0,0.0,51,0.0,0.6,2,0,0,0,0,0,0
436,Simon,Moore,Moore,SHU,GKP,0.8,1.0,0.1,1,90,0,0,0,0,0.0,43,0.0,0.2,3,0,0,0,0,0,2
437,Che,Adams,Adams,SOU,FWD,35.1,1.7,0.3,33,684,0,2,3,0,1.8,53,0.3,6.2,11,0,0,0,0,0,0
438,Moussa,Djenepo,Djenepo,SOU,MID,48.4,2.3,0.1,35,752,2,1,1,3,1.0,52,0.2,6.7,12,0,0,0,4,0,0
439,Craig,Dawson,Dawson,WAT,DEF,48.8,1.9,0.2,36,1459,0,0,4,0,3.2,48,0.7,7.5,26,0,0,0,4,0,0
440,José Ángel,Esmorís Tasende,Angeliño,MCI,DEF,31.6,1.8,0.2,11,422,0,1,0,1,0.0,47,0.0,2.3,7,0,0,0,1,0,0
441,Luke,Freeman,Freeman,SHU,MID,13.6,1.2,0.1,11,322,0,0,1,0,0.0,51,0.0,2.2,4,0,0,0,2,0,0
442,Tanguy,Ndombele,Ndombele,TOT,MID,51.2,2.4,2.3,36,797,2,1,1,2,0.0,58,0.0,6.2,13,0,0,0,2,0,0
443,Rodrigo,Hernandez,Rodrigo,MCI,MID,85.9,2.6,1.0,58,1593,2,1,8,3,1.5,54,0.3,10.7,21,0,0,0,5,0,0
444,Phil,Jagielka,Jagielka,SHU,DEF,4.5,1.0,0.4,4,128,0,0,0,0,0.0,42,0.0,1.0,3,0,0,0,0,0,0
445,Tyrone,Mings,Mings,AVL,DEF,71.6,2.6,2.8,55,1822,2,1,3,5,2.5,45,0.6,12.2,36,0,0,0,5,0,0
446,Jack,Stacey,Stacey,BOU,DEF,25.4,2.6,0.1,23,796,0,1,1,3,0.0,43,0.0,5.3,12,0,0,0,2,0,0
447,Erik,Pieters,Pieters,BUR,DEF,41.1,2.8,4.4,42,1233,0,3,3,7,0.0,43,0.0,9.8,29,0,0,0,1,0,0
448,Youri,Tielemans,Tielemans,LEI,MID,126.6,3.7,4.3,88,1953,3,5,8,5,3.2,62,0.5,14.2,23,0,0,0,1,0,0
449,Ralf,Fahrmann,Fahrmann,NOR,GKP,0.4,1.0,0.3,1,21,0,0,0,0,0.0,44,0.0,0.2,1,0,0,0,0,0,1
450,Roberto,Jimenez Gago,Roberto,WHU,GKP,23.9,2.2,0.3,18,686,0,0,0,1,0.0,44,0.0,4.1,17,1,0,0,0,0,36
451,Jay,Rodriguez,Rodriguez,BUR,FWD,49.5,2.1,0.2,48,949,4,0,1,3,2.0,57,0.4,8.4,24,0,0,0,1,0,0
452,Ezri,Konsa Ngoyo,Konsa,AVL,DEF,40.5,2.2,0.1,29,1050,0,2,2,1,1.8,43,0.4,6.7,25,0,0,0,0,0,0
453,Callum,Robinson,Callum Robinson,SHU,MID,30.4,2.1,0.2,33,669,1,2,2,1,0.5,50,0.1,6.6,6,0,0,0,1,0,0
454,Sam,Byram,Byram,NOR,DEF,59.8,1.9,0.1,31,1266,0,0,3,2,3.8,44,0.9,7.0,23,0,0,0,4,0,0
455,Bjorn,Engels,Engels,AVL,DEF,33.9,2.3,0.5,35,1266,0,0,3,4,0.2,44,0.0,8.0,25,0,0,0,1,0,0
456,Ravel,Morrison,Morrison,SHU,MID,0.2,1.0,0.1,1,12,0,0,0,0,0.0,46,0.0,0.2,0,0,0,0,0,0,0
457,Sébastien,Haller,Haller,WHU,FWD,146.2,3.5,3.0,85,1939,6,3,5,8,2.6,70,0.4,12.1,36,0,0,0,1,0,0
458,Frédéric,Guilbert,Guilbert,AVL,DEF,62.5,2.4,0.6,48,1628,0,2,4,2,1.2,44,0.3,10.9,27,0,0,0,5,0,0
459,Kurt,Zouma,Zouma,CHE,DEF,52.9,1.9,1.6,37,1668,0,0,3,1,0.0,47,0.0,7.9,26,1,0,0,3,0,0
460,Tammy,Abraham,Abraham,CHE,FWD,187.7,5.4,23.4,130,1911,13,5,7,20,3.8,77,0.5,16.9,26,1,0,0,2,0,0
461,Michy,Batshuayi,Batshuayi,CHE,FWD,26.1,1.8,0.5,25,139,1,2,0,1,0.5,66,0.1,3.8,6,0,0,0,0,0,0
462,Robert Kenedy,Nunes do Nascimento,Kenedy,CHE,MID,0.0,0.0,0.0,0,0,0,0,0,0,0.0,52,0.0,0.0,0,0,0,0,0,0,0
463,Mason,Mount,Mount,CHE,MID,181.3,4.0,14.9,99,1979,5,5,7,8,4.2,61,0.7,16.2,28,0,0,0,3,0,0
464,Rhian,Brewster,Brewster,LIV,FWD,0.0,0.0,0.5,0,0,0,0,0,0,0.0,42,0.0,0.0,0,0,0,0,0,0,0
465,Mahmoud Ahmed,Ibrahim Hassan,Trézéguet,AVL,MID,107.2,2.5,1.2,55,1233,3,2,3,2,2.2,52,0.4,10.6,21,0,0,0,2,1,0
466,Joelinton Cássio,Apolinário de Lira,Joelinton,NEW,FWD,96.0,2.2,0.9,56,1935,1,2,5,3,2.0,55,0.4,10.2,31,0,0,0,4,0,0
467,Calum,Chambers,Chambers,ARS,DEF,58.7,3.0,0.7,42,1102,1,1,3,5,0.0,44,0.0,9.5,15,0,0,0,5,0,0
468,Jordan,Ayew,Ayew,CRY,FWD,122.7,3.7,7.9,88,2022,6,1,8,17,3.5,50,0.7,17.6,24,0,0,0,4,0,0
469,Daniel,Ceballos Fernández,Ceballos,ARS,MID,42.9,2.5,3.0,27,659,0,2,1,3,0.0,52,0.0,5.2,10,0,0,0,0,0,0
470,Douglas Luiz,Soares de Paulo,Douglas Luiz,AVL,MID,82.4,2.8,4.0,65,1441,3,2,5,5,3.2,44,0.7,14.8,31,0,0,0,4,0,0
471,Dean,Henderson,Henderson,SHU,GKP,48.3,4.6,14.0,111,2160,0,1,9,11,7.5,50,1.5,22.2,20,0,1,0,2,0,64
472,Ben,Osborn,Osborn,SHU,MID,3.7,1.0,0.0,5,52,0,0,0,0,0.2,47,0.0,1.1,0,0,0,0,0,0,0
473,Jesús,Vallejo Lázaro,Vallejo,WOL,DEF,4.3,0.5,0.2,1,162,0,0,0,0,0.0,46,0.0,0.2,6,0,0,0,1,0,0
474,Lovre,Kalinic,Kalinic,AVL,GKP,0.0,0.0,0.1,0,0,0,0,0,0,0.0,43,0.0,0.0,0,0,0,0,0,0,0
475,Dan,Burn,Burn,BHA,DEF,72.5,2.2,0.2,47,1821,0,0,5,0,0.0,45,0.0,10.4,29,0,0,0,3,0,0
476,Philip,Billing,Billing,BOU,MID,85.9,2.3,0.1,52,1802,1,1,5,5,3.8,50,0.8,10.4,27,0,0,0,7,0,0
477,Lewis,Gibson,Gibson,EVE,DEF,0.0,0.0,0.1,0,0,0,0,0,0,0.0,43,0.0,0.0,0,0,0,0,0,0,0
478,Mason,Holgate,Holgate,EVE,DEF,54.8,2.9,2.7,52,1458,0,4,3,5,4.8,45,1.1,11.6,24,0,0,0,3,0,0
479,Jonas,Lössl,Lössl,EVE,GKP,0.0,0.0,0.3,0,0,0,0,0,0,0.0,43,0.0,0.0,0,0,0,0,0,0,0
480,Andy,King,King,LEI,MID,0.0,0.0,0.3,0,0,0,0,0,0,0.0,43,0.0,0.0,0,0,0,0,0,0,0
481,Axel,Tuanzebe,Tuanzebe,MUN,DEF,2.4,1.4,0.1,7,187,0,0,0,0,0.0,44,0.0,1.6,3,0,0,0,0,0,0
482,Jack,Colback,Colback,NEW,MID,0.0,0.0,0.1,0,0,0,0,0,0,0.0,44,0.0,0.0,0,0,0,0,0,0,0
483,Jacob,Murphy,Murphy,NEW,MID,0.0,0.0,0.0,0,0,0,0,0,0,0.0,48,0.0,0.0,0,0,0,0,0,0,0
484,Philip,Heise,Heise,NOR,DEF,0.0,0.0,0.7,0,0,0,0,0,0,0.0,39,0.0,0.0,0,0,0,0,0,0,0
485,Wesley,Hoedt,Hoedt,SOU,DEF,0.0,0.0,0.0,0,0,0,0,0,0,0.0,43,0.0,0.0,0,0,0,0,0,0,0
486,Cédric,Soares,Cédric,ARS,DEF,59.7,2.7,0.3,43,1306,0,1,3,3,1.4,48,0.3,9.0,18,0,0,0,1,0,0
487,Patrick,Cutrone,Cutrone,WOL,FWD,27.5,1.9,0.5,23,292,2,0,1,0,0.0,55,0.0,4.2,6,0,0,0,0,0,0
488,Nicolas,Pépé,Pépé,ARS,MID,119.2,3.0,2.5,63,1339,3,3,2,5,1.2,91,0.1,6.9,23,0,0,0,3,0,0
489,Reiss,Nelson,Nelson,ARS,MID,27.7,1.8,0.1,18,437,0,1,2,0,0.2,53,0.0,3.4,4,0,0,0,1,0,0
490,Joseph,Willock,Willock,ARS,MID,33.4,1.2,0.2,21,545,0,0,1,0,0.2,48,0.0,4.4,11,0,0,0,1,0,0
491,Marvelous,Nakamba,Nakamba,AVL,MID,40.4,1.7,0.7,31,1426,0,0,1,0,1.5,44,0.3,7.0,29,0,0,0,3,0,0
492,Arnaut,Danjuma Groeneveld,Danjuma,BOU,MID,20.5,2.0,0.0,18,405,0,1,2,0,0.0,58,0.0,3.1,6,0,0,0,0,0,0
493,Adam,Webster,Webster,BHA,DEF,76.6,2.7,0.7,54,1745,3,0,2,5,1.2,44,0.3,12.3,31,1,0,0,3,0,0
494,Aaron,Ramsdale,Ramsdale,BOU,GKP,64.7,3.6,4.2,87,2160,0,1,4,10,2.5,47,0.5,18.5,35,0,0,0,0,0,83
495,Bailey,Peacock-Farrell,Peacock-Farrell,BUR,GKP,0.0,0.0,0.1,0,0,0,0,0,0,0.0,44,0.0,0.0,0,0,0,0,0,0,0
496,Moise,Kean,Kean,EVE,FWD,48.6,1.9,1.5,37,622,1,2,1,3,3.8,64,0.6,5.8,12,0,0,0,0,0,0
497,Jean-Philippe,Gbamin,Gbamin,EVE,MID,2.6,2.0,0.0,4,135,0,0,1,0,0.0,48,0.0,0.8,0,0,0,0,0,0,0
498,Jetro,Willems,Willems,NEW,DEF,74.1,3.4,1.2,64,1492,2,2,3,6,0.8,45,0.2,14.2,24,0,0,0,0,0,0
499,Rolando,Aarons,Aarons,NEW,MID,0.0,0.0,0.0,0,0,0,0,0,0,0.0,48,0.0,0.0,0,0,0,0,0,0,0
500,Allan,Saint-Maximin,Saint-Maximin,NEW,MID,69.8,2.9,0.3,40,983,1,2,4,0,2.2,54,0.4,7.4,8,0,0,0,0,0,0
501,Oliver,McBurnie,McBurnie,SHU,FWD,76.8,2.3,0.2,52,1159,4,0,6,4,3.0,57,0.5,9.1,13,0,0,0,3,0,0
502,Neal,Maupay,Maupay,BHA,FWD,169.7,3.6,2.5,87,1806,7,2,5,12,2.0,59,0.3,14.7,26,0,0,0,3,0,0
503,Gary,Cahill,Cahill,CRY,DEF,55.3,2.5,1.2,40,1440,0,1,3,3,2.2,44,0.5,9.1,23,0,0,0,1,0,0
504,Gabriel Teodoro,Martinelli Silva,Martinelli,ARS,FWD,37.7,2.8,3.6,37,566,3,1,1,5,4.2,46,0.9,8.0,9,0,0,0,1,0,0
505,Harry,Wilson,Harry Wilson,BOU,MID,104.7,3.7,2.2,77,1288,7,0,2,7,3.5,58,0.6,13.3,25,0,0,0,1,0,0
506,Reece,James,James,CHE,DEF,45.5,3.1,0.6,40,765,0,2,3,5,5.0,50,1.0,8.0,9,0,0,0,1,0,0
507,Ibrahim,Amadou,Amadou,NOR,MID,22.7,1.6,0.1,18,756,0,0,1,0,0.2,45,0.0,4.0,20,0,0,0,1,0,0
508,Sofiane,Boufal,Boufal,SOU,MID,51.8,1.8,0.1,29,577,0,3,1,0,0.5,55,0.1,5.3,13,0,0,0,2,0,0
509,Troy,Parrott,Parrott,TOT,FWD,0.0,1.0,0.8,1,5,0,0,0,0,0.0,43,0.0,0.2,0,0,0,0,0,0,0
510,Víctor,Camarasa,Camarasa,CRY,MID,0.0,1.0,0.2,1,5,0,0,0,0,0.0,45,0.0,0.2,0,0,0,0,0,0,0
511,Djibril,Sidibé,Sidibé,EVE,DEF,72.1,3.5,1.9,60,1332,0,4,4,9,2.2,54,0.4,11.1,20,0,0,0,2,0,0
512,Danny,Welbeck,Welbeck,WAT,FWD,12.5,1.3,0.1,8,241,0,0,1,0,0.2,58,0.0,1.4,3,0,0,0,0,0,0
513,Heurelho da Silva,Gomes,Gomes,WAT,GKP,0.0,0.0,0.2,0,0,0,0,0,0,0.0,44,0.0,0.0,0,0,0,0,0,0,0
514,Albian,Ajeti,Ajeti,WHU,FWD,7.3,1.0,0.0,8,128,0,0,0,0,0.2,57,0.0,1.4,3,0,0,0,0,0,0
515,Kieran,Tierney,Tierney,ARS,DEF,16.3,1.0,0.3,5,296,0,0,0,0,0.0,53,0.0,0.9,6,0,0,0,1,0,0
516,Aaron,Mooy,Mooy,BHA,MID,88.7,3.1,0.8,55,1293,2,1,3,9,3.5,48,0.7,11.5,23,0,0,0,0,1,0
517,Dennis,Praet,Praet,LEI,MID,40.8,2.5,0.1,42,715,1,3,1,3,4.0,53,0.8,7.9,8,0,0,0,0,0,0
518,João Pedro Cavaco,Cancelo,Cancelo,MCI,DEF,37.9,2.7,0.8,24,667,0,0,2,3,0.8,52,0.2,4.6,7,0,0,0,1,0,0
519,Emil,Krafth,Krafth,NEW,DEF,12.2,1.9,0.1,21,561,0,0,2,0,1.8,43,0.4,4.9,12,0,0,0,0,0,0
520,Andy,Carroll,Carroll,NEW,FWD,39.9,1.9,0.1,25,507,0,3,2,0,0.2,54,0.0,4.6,7,0,0,0,1,0,0
521,Michael,Verrips,Verrips,SHU,GKP,0.0,0.0,0.0,0,0,0,0,0,0,0.0,44,0.0,0.0,0,0,0,0,0,0,0
522,Muhamed,Bešić,Bešić,SHU,MID,8.5,1.0,0.1,9,243,0,0,0,0,0.5,44,0.1,2.0,2,0,0,0,2,0,0
523,Giovani,Lo Celso,Lo Celso,TOT,MID,32.2,1.4,0.3,20,522,0,0,2,0,1.5,73,0.2,2.7,6,0,0,0,1,0,0
524,Ryan,Sessegnon,Sessegnon,TOT,MID,11.9,1.5,0.1,9,341,0,0,0,0,0.5,54,0.1,1.7,5,0,0,0,0,0,0
525,Ismaïla,Sarr,Sarr,WAT,MID,83.2,3.5,0.6,56,1029,3,3,5,2,2.2,62,0.4,9.0,14,0,0,0,1,0,0
526,Adrián,San Miguel del Castillo,Adrián,LIV,GKP,11.3,2.5,1.9,25,783,0,0,2,0,0.0,41,0.0,6.1,9,0,0,0,1,0,16
527,Georges-Kévin,Nkoudou,Nkoudou,TOT,MID,1.8,1.0,0.0,1,2,0,0,0,0,0.0,50,0.0,0.2,0,0,0,0,0,0,0
528,Pedro,Lomba Neto,Neto,WOL,MID,46.8,2.1,0.2,37,617,2,2,0,0,3.0,50,0.6,7.4,8,0,0,0,2,0,0
529,Fikayo,Tomori,Tomori,CHE,DEF,46.3,3.4,2.2,47,1228,1,0,4,7,0.0,45,0.0,10.4,16,0,0,0,3,0,0
530,Andy,Lonergan,Lonergan,LIV,GKP,0.0,0.0,0.0,0,0,0,0,0,0,0.0,42,0.0,0.0,0,0,0,0,0,0,0
531,Caoimhin,Kelleher,Kelleher,LIV,GKP,0.0,0.0,0.0,0,0,0,0,0,0,0.0,44,0.0,0.0,0,0,0,0,0,0,0
532,Kevin,Danso,Danso,SOU,DEF,8.9,1.5,0.0,9,275,0,1,1,0,0.0,42,0.0,2.1,8,0,0,0,0,1,0
533,Billy,Gilmour,Gilmour,CHE,MID,1.5,1.0,0.0,2,9,0,0,0,0,0.0,45,0.0,0.4,1,0,0,0,0,0,0
534,Aaron,Connolly,Connolly,BHA,FWD,49.2,2.5,1.2,40,812,2,2,3,3,0.8,43,0.2,9.3,13,0,0,0,0,0,0
535,Daniel,N'Lundulu,N'Lundulu,SOU,FWD,0.0,0.0,0.1,0,0,0,0,0,0,0.0,45,0.0,0.0,0,0,0,0,0,0,0
536,Tudor,Baluta,Baluta,BHA,DEF,0.0,0.0,0.2,0,0,0,0,0,0,0.0,40,0.0,0.0,0,0,0,0,0,0,0
537,Steven,Alzate,Alzate,BHA,MID,59.5,1.8,0.1,31,1144,0,0,3,0,1.2,45,0.3,6.9,18,0,0,0,1,0,0
538,Adam,Idah,Idah,NOR,FWD,0.9,1.5,0.1,3,65,0,0,0,0,0.5,44,0.1,0.7,3,0,0,0,0,0,0
539,Jairo,Riedewald,Riedewald,CRY,MID,15.2,1.6,0.0,13,562,0,0,0,0,1.5,45,0.3,2.9,7,0,0,0,0,0,0
540,Matthew,Longstaff,Matthew Longstaff,NEW,MID,18.2,3.6,0.2,25,544,2,0,1,2,1.0,45,0.2,5.6,9,0,0,0,1,0,0
541,Bukayo,Saka,Saka,ARS,MID,41.8,1.9,0.6,27,875,0,2,2,0,1.8,45,0.4,6.0,10,0,0,0,3,0,0
542,Dimitri,Foulquier,Foulquier,WAT,DEF,1.0,0.3,0.2,1,57,0,0,0,0,0.0,40,0.0,0.2,6,0,0,0,0,0,0
543,Alfie,Whiteman,Whiteman,TOT,GKP,0.0,0.0,0.5,0,0,0,0,0,0,0.0,40,0.0,0.0,0,0,0,0,0,0,0
544,Eric,Garcia,Garcia,MCI,DEF,6.4,1.8,0.1,11,269,0,0,1,0,0.2,45,0.0,2.4,5,0,0,0,0,0,0
545,Addji Keaninkin Marc-Israel,Guehi,Guehi,CHE,DEF,0.0,0.0,0.1,0,0,0,0,0,0,0.0,40,0.0,0.0,0,0,0,0,0,0,0
546,Ezequiel,Schelotto,Schelotto,BHA,DEF,2.6,1.0,0.5,5,141,0,0,0,0,0.2,40,0.0,1.2,4,0,0,0,0,0,0
547,Leon,Clarke,Clarke,SHU,FWD,0.3,1.0,0.1,1,13,0,0,0,0,0.0,44,0.0,0.2,0,0,0,0,0,0,0
548,Harry,Lewis,Lewis,SOU,GKP,0.0,0.0,0.2,0,0,0,0,0,0,0.0,40,0.0,0.0,0,0,0,0,0,0,0
549,Brandon,Williams,Williams,MUN,DEF,29.8,3.0,5.4,27,590,1,1,2,1,3.2,41,0.8,6.6,9,0,0,0,4,0,0
550,Harvey,Elliott,Elliott,LIV,MID,0.0,1.0,0.0,1,1,0,0,0,0,0.0,45,0.0,0.2,0,0,0,0,0,0,0
551,Archie,Mair,Mair,NOR,GKP,0.0,0.0,0.1,0,0,0,0,0,0,0.0,40,0.0,0.0,0,0,0,0,0,0,0
552,Akin,Famewo,Famewo,NOR,DEF,0.0,0.0,0.1,0,0,0,0,0,0,0.0,40,0.0,0.0,0,0,0,0,0,0,0
553,David,Martin,Martin,WHU,GKP,11.2,4.0,1.8,20,435,0,0,2,2,0.4,41,0.1,4.9,6,0,0,0,1,0,15
554,Dwight,Gayle,Gayle,NEW,FWD,7.3,1.3,0.0,12,178,0,1,0,0,1.0,50,0.2,2.4,6,0,0,0,0,0,0
555,Michel,Vorm,Vorm,TOT,GKP,0.0,0.0,0.0,0,0,0,0,0,0,0.0,43,0.0,0.0,0,0,0,0,0,0,0
556,Stephen,Henderson,Henderson,CRY,GKP,0.0,0.0,0.4,0,0,0,0,0,0,0.0,40,0.0,0.0,0,0,0,0,0,0,0
557,Beni,Baningime,Baningime,EVE,MID,0.0,0.0,0.0,0,0,0,0,0,0,0.0,45,0.0,0.0,0,0,0,0,0,0,0
558,Brandon,Austin,Austin,TOT,GKP,0.0,0.0,0.2,0,0,0,0,0,0,0.0,40,0.0,0.0,0,0,0,0,0,0,0
559,Bernard,Ashley-Seal,Ashley-Seal,WOL,FWD,0.0,0.0,0.1,0,0,0,0,0,0,0.0,45,0.0,0.0,0,0,0,0,0,0,0
560,Taylor,Perry,Perry,WOL,MID,0.0,0.0,0.0,0,0,0,0,0,0,0.0,45,0.0,0.0,0,0,0,0,0,0,0
561,Anthony,Gordon,Gordon,EVE,FWD,2.0,1.0,0.0,1,45,0,0,0,0,0.2,45,0.0,0.2,0,0,0,0,0,0,0
562,Scott,Carson,Carson,MCI,GKP,0.0,0.0,0.1,0,0,0,0,0,0,0.0,40,0.0,0.0,0,0,0,0,0,0,0
563,Ayotomiwa,Dele-Bashiru,Dele-Bashiru,WAT,MID,0.0,0.0,0.0,0,0,0,0,0,0,0.0,45,0.0,0.0,0,0,0,0,0,0,0
564,Christian,Saydee,Saydee,BOU,MID,0.0,0.0,0.0,0,0,0,0,0,0,0.0,45,0.0,0.0,0,0,0,0,0,0,0
565,Gavin,Kilkenny,Kilkenny,BOU,MID,0.0,0.0,0.0,0,0,0,0,0,0,0.0,45,0.0,0.0,0,0,0,0,0,0,0
566,Owen,Otasowie,Otasowie,WOL,MID,0.0,0.0,0.0,0,0,0,0,0,0,0.0,45,0.0,0.0,0,0,0,0,0,0,0
567,Luke,Cundle,Cundle,WOL,MID,0.0,0.0,0.0,0,0,0,0,0,0,0.0,45,0.0,0.0,0,0,0,0,0,0,0
568,Nathan,Holland,Holland,WHU,MID,2.5,1.0,0.0,2,31,0,0,0,0,0.0,44,0.0,0.5,1,0,0,0,0,0,0
569,Curtis,Jones,Jones,LIV,MID,1.1,1.0,0.0,2,19,0,0,0,0,0.2,45,0.0,0.4,0,0,0,0,0,0,0
570,Oumar,Niasse,Niasse,EVE,FWD,0.9,1.0,0.0,3,19,0,0,0,0,0.5,45,0.1,0.7,2,0,0,0,0,0,0
571,Mace,Goodridge,Goodridge,BUR,MID,0.0,0.0,0.0,0,0,0,0,0,0,0.0,45,0.0,0.0,0,0,0,0,0,0,0
572,Anthony,Driscoll-Glennon,Driscoll-Glennon,BUR,DEF,0.0,0.0,0.0,0,0,0,0,0,0,0.0,40,0.0,0.0,0,0,0,0,0,0,0
573,Robert,Elliot,Elliot,NEW,GKP,0.0,0.0,0.1,0,0,0,0,0,0,0.0,40,0.0,0.0,0,0,0,0,0,0,0
574,Mihai-Alexandru,Dobre,Dobre,BOU,MID,0.0,0.0,0.0,0,0,0,0,0,0,0.0,45,0.0,0.0,0,0,0,0,0,0,0
575,Neco,Williams,Williams,LIV,DEF,0.0,0.0,0.0,0,0,0,0,0,0,0.0,40,0.0,0.0,0,0,0,0,0,0,0
576,Emile,Smith Rowe,Smith Rowe,ARS,MID,1.6,2.0,0.0,4,96,0,0,1,0,0.0,43,0.0,0.9,0,0,0,0,0,0,0
577,Rhu-endly,Martina,Cuco Martina,EVE,DEF,0.0,0.0,0.0,0,0,0,0,0,0,0.0,40,0.0,0.0,0,0,0,0,0,0,0
578,Sam,Woods,Woods,CRY,DEF,0.0,0.0,0.0,0,0,0,0,0,0,0.0,40,0.0,0.0,0,0,0,0,0,0,0
579,Tyrick,Mitchell,Mitchell,CRY,DEF,0.0,0.0,0.0,0,0,0,0,0,0,0.0,40,0.0,0.0,0,0,0,0,0,0,0
580,Brandon,Pierrick,Pierrick,CRY,MID,2.7,1.0,0.0,1,7,0,0,0,0,0.0,45,0.0,0.2,0,0,0,0,0,0,0
581,James,Daly,Daly,CRY,FWD,0.0,0.0,0.0,0,0,0,0,0,0,0.0,45,0.0,0.0,0,0,0,0,0,0,0
582,Joseph,Anang,Anang,WHU,GKP,0.0,0.0,0.1,0,0,0,0,0,0,0.0,40,0.0,0.0,0,0,0,0,0,0,0
583,Japhet,Tanganga,Tanganga,TOT,DEF,6.6,3.5,1.5,7,180,0,0,1,0,1.8,40,0.4,1.8,1,0,0,0,1,0,0
584,William,Smallbone,Smallbone,SOU,MID,0.0,0.0,0.0,0,0,0,0,0,0,0.0,45,0.0,0.0,0,0,0,0,0,0,0
585,Tyreece,John-Jules,John-Jules,ARS,FWD,0.0,0.0,0.0,0,0,0,0,0,0,0.0,45,0.0,0.0,0,0,0,0,0,0,0
586,Tariq,Lamptey,Lamptey,BHA,DEF,0.0,1.0,0.1,1,31,0,0,0,0,0.0,40,0.0,0.2,0,0,0,0,0,0,0
587,Oskar,Buur,Buur,WOL,DEF,0.0,0.0,0.0,0,0,0,0,0,0,0.0,40,0.0,0.0,0,0,0,0,0,0,0
588,Nya,Kirby,Kirby,CRY,MID,0.0,0.0,0.0,0,0,0,0,0,0,0.0,45,0.0,0.0,0,0,0,0,0,0,0
589,Nathaniel,Phillips,Phillips,LIV,DEF,0.0,0.0,0.0,0,0,0,0,0,0,0.0,40,0.0,0.0,0,0,0,0,0,0,0
590,Takumi,Minamino,Minamino,LIV,MID,2.1,1.0,0.1,2,66,0,0,0,0,0.4,65,0.1,0.3,1,0,0,0,0,0,0
591,Jack,Rodwell,Rodwell,SHU,MID,0.0,0.0,0.0,0,0,0,0,0,0,0.0,45,0.0,0.0,0,0,0,0,0,0,0
592,João Pedro,Junqueira de Jesus,João Pedro,WAT,FWD,0.0,0.0,0.0,0,0,0,0,0,0,0.0,49,0.0,0.0,0,0,0,0,0,0,0
593,Jeremy,Ngakia,Ngakia,WHU,DEF,1.0,1.0,0.0,1,90,0,0,0,0,0.2,40,0.0,0.2,2,0,0,0,0,0,0
594,Gonçalo Bento,Soares Cardoso,Cardoso,WHU,DEF,0.0,0.0,0.0,0,0,0,0,0,0,0.0,40,0.0,0.0,0,0,0,0,0,0,0
595,Bernardo,Costa Da Rosa,Rosa,WHU,MID,0.0,0.0,0.0,0,0,0,0,0,0,0.0,45,0.0,0.0,0,0,0,0,0,0,0
596,Abd-Al-Ali Morakinyo Olaposi,Koiki,Koiki,BUR,DEF,0.0,0.0,0.0,0,0,0,0,0,0,0.0,40,0.0,0.0,0,0,0,0,0,0,0
597,Filip,Benkovic,Benkovic,LEI,DEF,0.0,0.0,0.0,0,0,0,0,0,0,0.0,40,0.0,0.0,0,0,0,0,0,0,0
598,Thomas,Allan,Allan,NEW,MID,0.0,0.0,0.0,0,0,0,0,0,0,0.0,45,0.0,0.0,0,0,0,0,0,0,0
599,Kelland,Watts,Watts,NEW,DEF,0.0,0.0,0.0,0,0,0,0,0,0,0.0,40,0.0,0.0,0,0,0,0,0,0,0
600,Indiana,Vassilev,Vassilev,AVL,MID,0.7,1.0,0.0,2,36,0,0,0,0,0.5,45,0.1,0.4,0,0,0,0,0,0,0
601,Ondrej,Duda,Duda,NOR,MID,24.5,3.7,0.1,11,257,0,1,2,0,3.7,50,0.7,2.2,2,0,0,0,0,0,0
602,Lukas,Rupp,Rupp,NOR,MID,11.7,2.0,0.0,6,174,0,0,1,0,2.0,45,0.4,1.3,2,0,0,0,0,0,0
603,José,Reina,Reina,AVL,GKP,5.3,2.0,0.4,6,270,0,0,0,0,2.0,45,0.4,1.3,4,0,0,0,0,0,6
604,Ignacio,Pussetto,Pussetto,WAT,MID,1.8,1.0,0.0,3,24,0,0,0,0,1.0,50,0.2,0.6,2,0,0,0,0,0,0
605,Gedson,Carvalho Fernandes,Fernandes,TOT,MID,2.1,1.0,0.0,2,25,0,0,0,0,0.7,50,0.1,0.4,0,0,0,0,0,0,0
606,Darren,Randolph,Randolph,WHU,GKP,4.9,1.5,0.2,3,180,0,0,0,0,0.8,44,0.2,0.7,5,0,0,0,0,0,6
607,Ryan,Giles,Giles,WOL,DEF,0.0,0.0,0.0,0,0,0,0,0,0,0.0,40,0.0,0.0,0,0,0,0,0,0,0
608,Giovanni,McGregor,McGregor,CRY,MID,0.0,0.0,0.0,0,0,0,0,0,0,0.0,45,0.0,0.0,0,0,0,0,0,0,0
609,Bruno André,Cavaco Jordao,Jordao,WOL,MID,0.0,0.0,0.0,0,0,0,0,0,0,0.0,45,0.0,0.0,0,0,0,0,0,0,0
610,Liam,Gibson,Gibson,NEW,DEF,0.0,0.0,0.0,0,0,0,0,0,0,0.0,40,0.0,0.0,0,0,0,0,0,0,0
611,Jack,Robinson,Jack Robinson,SHU,DEF,0.0,0.0,0.0,0,0,0,0,0,0,0.0,40,0.0,0.0,0,0,0,0,0,0,0
612,Nabil,Bentaleb,Bentaleb,NEW,MID,5.9,2.0,0.0,2,90,0,0,1,0,2.0,50,0.4,0.4,0,0,0,0,1,0,0
613,Mbwana,Samatta,Samatta,AVL,FWD,13.6,8.0,0.1,8,90,1,0,0,2,8.0,60,1.3,1.3,2,0,0,0,0,0,0
614,Valentino,Lazaro,Lazaro,NEW,MID,0.7,1.0,0.0,1,36,0,0,0,0,1.0,55,0.2,0.2,0,0,0,0,0,0,0
615,Steven,Bergwijn,Bergwijn,TOT,MID,0.0,0.0,0.1,0,0,0,0,0,0,0.0,75,0.0,0.0,0,0,0,0,0,0,0
616,Tomas,Soucek,Soucek,WHU,MID,7.3,2.0,0.0,2,84,0,0,0,0,2.0,50,0.4,0.4,3,0,0,0,0,0,0
617,Pablo,Marí,Marí,ARS,DEF,0.0,0.0,0.0,0,0,0,0,0,0,0.0,50,0.0,0.0,0,0,0,0,0,0,0
618,Bruno Miguel,Borges Fernandes,Fernandes,MUN,MID,6.1,2.0,1.7,2,90,0,0,1,0,2.0,80,0.2,0.2,0,0,0,0,1,0,0
619,Daniel,Castelo Podence,Podence,WOL,MID,4.0,1.0,0.0,1,14,0,0,0,0,1.0,55,0.2,0.2,0,0,0,0,0,0,0
620,Josh,Brownhill,Brownhill,BUR,MID,0.0,0.0,0.0,0,0,0,0,0,0,0.0,50,0.0,0.0,0,0,0,0,0,0,0
621,Sander,Berge,Berge,SHU,MID,1.5,3.0,0.1,3,67,0,0,1,0,3.0,50,0.6,0.6,0,0,0,0,0,0,0
622,Richairo,Zivkovic,Zivkovic,SHU,FWD,0.0,0.0,0.0,0,0,0,0,0,0,0.0,50,0.0,0.0,0,0,0,0,0,0,0
